WorkerId,dataset,mental_state,sub_id,inferences,wc,ai_infs
A18LFH7XW61JO9,ESC,Emotions,"26, 1",I feel stressed about my finances and frustrated that I can't find more work to cover my increasing expenses.,19,I feel embarrassed and overwhelmed by my sadness.
A353KETOEN0W8T,ESC,Emotions,"26, 1","I feel really sad and stuck, and I am embarrassed to share it with anyone.",15,I feel embarrassed and overwhelmed by my sadness.
A3L3ZFL1NYFTCF,ESC,Emotions,"26, 1","I feel really sad and embarrassed, I do not know how to feel better.",14,I feel embarrassed and overwhelmed by my sadness.
A353KETOEN0W8T,ESC,Emotions,"40, 1",I feel frustrated that incense makes me sneeze but interested in other ways to relax and relieve stress.,18,I feel overwhelmed and somewhat stressed after the breakup.
A18LFH7XW61JO9,ESC,Emotions,"40, 1",I feel hopeful and curious about finding new ways to decompress and manage my thoughts.,15,I feel overwhelmed and somewhat stressed after the breakup.
A3O81LHBBI8NPK,ESC,Emotions,"40, 1",I feel stressed and am willing to try anything to decompress.,11,I feel overwhelmed and somewhat stressed after the breakup.
A18LFH7XW61JO9,ESC,Intentions,"39, 0",I will continue my search for a managerial job in my local area to avoid being away from my family and my mother.,23,I will reach out to local job agencies and networking groups to explore opportunities in my area.
A29VL3MZE7YPBZ,ESC,Intentions,"39, 0",I will look for a job that is more local so I can help look after my mom.,18,I will reach out to local job agencies and networking groups to explore opportunities in my area.
A353KETOEN0W8T,ESC,Intentions,"39, 0",I will keep searching for a local nearby jobs so that I can stay close to my family and take care of them.,23,I will reach out to local job agencies and networking groups to explore opportunities in my area.
A18LFH7XW61JO9,ESC,Trust,"26, 0","I view my girlfriend as my everything, and I feel like fate has played a cruel game on me.",19,"I view the supporter as someone who is understanding and relatable, which makes me feel like I can trust them to help guide me through this situation."
A3L3ZFL1NYFTCF,ESC,Trust,"26, 0",I view talking to someone who listens and understands as helpful and comforting while I am hurting from this breakup.,20,"I view the supporter as someone who is understanding and relatable, which makes me feel like I can trust them to help guide me through this situation."
A353KETOEN0W8T,ESC,Trust,"26, 0",I view the supporter as someone I can really talk to and who actually gets what I am gong through without hesitation.,22,"I view the supporter as someone who is understanding and relatable, which makes me feel like I can trust them to help guide me through this situation."
A18LFH7XW61JO9,ESC,Intentions,"44, 1","I will find a way to talk to my partner about how I feel, even though it's hard to start.",20,I will try to gather my thoughts and plan how to have an open conversation with my partner about my feelings and concerns.
A29VL3MZE7YPBZ,ESC,Intentions,"44, 1",I will try to have a talk with my partner about her betrayal.,13,I will try to gather my thoughts and plan how to have an open conversation with my partner about my feelings and concerns.
A3L3ZFL1NYFTCF,ESC,Intentions,"44, 1",I will try to figure out how to talk to her about my feelings because I am hurt and betrayed.,20,I will try to gather my thoughts and plan how to have an open conversation with my partner about my feelings and concerns.
A353KETOEN0W8T,ESC,Belief,"21, 3","I believe going for a walk in nature and talking to someone makes me feel happier, calmer and more relaxed.",20,I believe going for a walk will help lift my spirits and make me feel more connected to nature.
A18LFH7XW61JO9,ESC,Belief,"21, 3",I believe that getting out in nature and having someone to talk to can help me feel better.,18,I believe going for a walk will help lift my spirits and make me feel more connected to nature.
A35BY30TC8WCL4,ESC,Belief,"21, 3",I believe taking a walk will improve my day and make me feel better about life.,16,I believe going for a walk will help lift my spirits and make me feel more connected to nature.
AE861G0AY5RGT,ESC,Desires,"4, 0",I want A relationship with a trustworthy person.,8,I want to figure out if I can trust him again.
A18LFH7XW61JO9,ESC,Desires,"4, 0",I want to figure out if I can trust my partner again after he lied to me and to know what to do next.,24,I want to figure out if I can trust him again.
A353KETOEN0W8T,ESC,Desires,"4, 0",I want to know if I can trust him again and decide whether staying in his relationship is worth and the right choice for me.,25,I want to figure out if I can trust him again.
A18LFH7XW61JO9,ESC,Knowledge,"44, 2","I know that I feel like giving up, but I need to talk to her to get the answers.",19,"I know I'm feeling frustrated and hurt because of the breakup, especially since it's happening during the holidays."
A3L3ZFL1NYFTCF,ESC,Knowledge,"44, 2","I know that I am feeling really hurt and frustrated and that talking to her could help me out understand things, but I don't know how to do it, during these holidays.",32,"I know I'm feeling frustrated and hurt because of the breakup, especially since it's happening during the holidays."
A3O81LHBBI8NPK,ESC,Knowledge,"44, 2",I know that I am unhappy in this relationship and should talk to my partner about how I feel.,19,"I know I'm feeling frustrated and hurt because of the breakup, especially since it's happening during the holidays."
A18LFH7XW61JO9,ESC,Belief,"33, 0",I believe my friend's behavior is too careless and that she needs to take the virus seriously.,17,"I believe I am frustrated and concerned about my friend's refusal to take COVID-19 seriously, and it makes me question our friendship."
A29VL3MZE7YPBZ,ESC,Belief,"33, 0",I believe my friendship will be strained until she can take Coronavirus seriously.,13,"I believe I am frustrated and concerned about my friend's refusal to take COVID-19 seriously, and it makes me question our friendship."
A353KETOEN0W8T,ESC,Belief,"33, 0","I believe my friend careless about COVID is seriously risky, harmful. I will keep distance until she take it seriously.",20,"I believe I am frustrated and concerned about my friend's refusal to take COVID-19 seriously, and it makes me question our friendship."
A18LFH7XW61JO9,ESC,Desires,"44, 1",I want to have an honest conversation with my partner and stop feeling like I've wasted my time.,18,I want to gain clarity and closure about the relationship.
A29VL3MZE7YPBZ,ESC,Desires,"44, 1",I want to feel secure in my relationship and not worry about being betrayed.,14,I want to gain clarity and closure about the relationship.
A353KETOEN0W8T,ESC,Desires,"44, 1",I want to show my feelings and express it and have an honest conversation so I can understand what went wrong and find some closure.,25,I want to gain clarity and closure about the relationship.
A18LFH7XW61JO9,ESC,Emotions,"15, 2",I feel grateful for the helpful advice and encouraged by the positive experience.,13,I feel relieved and thankful for the support and practical advice I received.
A3L3ZFL1NYFTCF,ESC,Emotions,"15, 2","I feel grateful and relieved, and more confident about staying safe and trying new things.",15,I feel relieved and thankful for the support and practical advice I received.
A353KETOEN0W8T,ESC,Emotions,"15, 2","I feel thankful reassured, relieved and more confident after getting this advice and support.",14,I feel relieved and thankful for the support and practical advice I received.
A18LFH7XW61JO9,ESC,Knowledge,"44, 1",I know my partner and I am not on the same page about how we live our lives.,18,I know I feel betrayed and that I have wasted the last 3 years.
A3O81LHBBI8NPK,ESC,Knowledge,"44, 1",I know that I moved and that the situation isn't going well and I need to talk to the person I moved for.,23,I know I feel betrayed and that I have wasted the last 3 years.
A29VL3MZE7YPBZ,ESC,Knowledge,"44, 1",I know that my girlfriend has betrayed me.,8,I know I feel betrayed and that I have wasted the last 3 years.
A18LFH7XW61JO9,ESC,Trust,"21, 0",I view remote forms of communication as inadequate substitutes for in-person connection.,12,I view the supporter as someone I can trust because they understand my situation and offer empathetic support.
A3L3ZFL1NYFTCF,ESC,Trust,"21, 0","I view the supporter as understanding and kind, someone I can share my feeling and open up with honestly.",19,I view the supporter as someone I can trust because they understand my situation and offer empathetic support.
A3O81LHBBI8NPK,ESC,Trust,"21, 0",I view not being able to communicate with my family as what causes some of my depression.,17,I view the supporter as someone I can trust because they understand my situation and offer empathetic support.
A18LFH7XW61JO9,ESC,Trust,"30, 1","I view getting another puppy as a good way to fill the void of losing my best friend, especially during this time of isolation.",24,I view the supporter as trustworthy because they understand and validate my feelings.
A3L3ZFL1NYFTCF,ESC,Trust,"30, 1","I view having a dog, maybe even two, as a trusted companion for my family and a source of joy at home.",22,I view the supporter as trustworthy because they understand and validate my feelings.
A35BY30TC8WCL4,ESC,Trust,"30, 1",I view dogs as reliable sources of comfort and happiness.,10,I view the supporter as trustworthy because they understand and validate my feelings.
A353KETOEN0W8T,ESC,Emotions,"41, 2","I feel upset that I can't perform live, but I am still trying with online shows.",16,I feel overwhelmed and uncertain because of the job crisis and the challenges of pursuing my passions.
A18LFH7XW61JO9,ESC,Emotions,"41, 2",I feel completely frustrated because the things I'm passionate about are no longer possible in the same way.,18,I feel overwhelmed and uncertain because of the job crisis and the challenges of pursuing my passions.
A3O81LHBBI8NPK,ESC,Emotions,"41, 2",I feel that right now I am unable to accomplish goals that I have due to not being able to have a live audience for it.,26,I feel overwhelmed and uncertain because of the job crisis and the challenges of pursuing my passions.
AE861G0AY5RGT,ESC,Knowledge,"10, 0",I know having toddlers is a lot of work but it will get easier.,14,"I know that I am feeling overwhelmed with my responsibilities as a mother and dealing with my children's needs, especially with an autistic toddler."
A18LFH7XW61JO9,ESC,Knowledge,"10, 0",I know that my free time is unpredictable and depends on my autistic toddler's behavior.,15,"I know that I am feeling overwhelmed with my responsibilities as a mother and dealing with my children's needs, especially with an autistic toddler."
A353KETOEN0W8T,ESC,Knowledge,"10, 0","I know that taking care of my two young kids, specially my toddler, keeps me busy and tired, and that moments of peace are rare and should be appreciated as the rare moments of peace.",35,"I know that I am feeling overwhelmed with my responsibilities as a mother and dealing with my children's needs, especially with an autistic toddler."
A18LFH7XW61JO9,ESC,Intentions,"19, 0",I will try listening to classical or instrumental music to help with my sadness.,14,I will try listening to classical music to see if it helps with my sadness.
A3O81LHBBI8NPK,ESC,Intentions,"19, 0",I will try listening to sad music to help shake the feeling of sadness.,14,I will try listening to classical music to see if it helps with my sadness.
A353KETOEN0W8T,ESC,Intentions,"19, 0",I will give calming music a try to help me feel better when I am sad during the day.,19,I will try listening to classical music to see if it helps with my sadness.
A18LFH7XW61JO9,ESC,Desires,"35, 1",I want to stay strong and avoid being caught off guard by my feelings.,14,I want to find new music that resonates with my emotions and helps me cope.
A29VL3MZE7YPBZ,ESC,Desires,"35, 1",I want to stay strong for as long as I can.,11,I want to find new music that resonates with my emotions and helps me cope.
A353KETOEN0W8T,ESC,Desires,"35, 1","I want to find ways to stay strong and lift my mood, it could be through music or other outlets.",20,I want to find new music that resonates with my emotions and helps me cope.
A18LFH7XW61JO9,ESC,Knowledge,"14, 0",I know my friends weren't fair to me and that they're not true friends.,14,I know I feel hurt and disappointed by my friends' reactions during the argument.
A29VL3MZE7YPBZ,ESC,Knowledge,"14, 0",I know my friends disappointed my with their actions.,9,I know I feel hurt and disappointed by my friends' reactions during the argument.
A3L3ZFL1NYFTCF,ESC,Knowledge,"14, 0","I know my friends upset me, and giving them time might help them.",13,I know I feel hurt and disappointed by my friends' reactions during the argument.
A18LFH7XW61JO9,ESC,Trust,"37, 1","I believe that my friends would accept me, but I am not willing to share my negative feelings with them.",20,I view the supporter as someone I can trust because they listen and provide helpful suggestions.
A353KETOEN0W8T,ESC,Trust,"37, 1","I view the supporter and helpful, kind and understanding, someone I can trust to give me helpful advice without judging me.",21,I view the supporter as someone I can trust because they listen and provide helpful suggestions.
A3L3ZFL1NYFTCF,ESC,Trust,"37, 1","I view the supporter as someone who actually understand and listens and gives hopeful suggestions, I feel more comfortable trying to improve my mood.",24,I view the supporter as someone I can trust because they listen and provide helpful suggestions.
A353KETOEN0W8T,ESC,Intentions,"1, 2",I will wait to see if my friend wants to fix things and keep myself busy with reading and music.,20,I will try to have a conversation with my friends when I feel ready.
A18LFH7XW61JO9,ESC,Intentions,"1, 2","I will talk to my friends about this issue, even though I'm nervous about how it might turn out.",19,I will try to have a conversation with my friends when I feel ready.
A3O81LHBBI8NPK,ESC,Intentions,"1, 2",I will be patient with my friends since I have done all that I can do.,16,I will try to have a conversation with my friends when I feel ready.
A18LFH7XW61JO9,ESC,Trust,"16, 0",I view the situation as unbelievable and am scared about my ability to secure a new job.,17,"I view the supporter as a reassuring presence, someone I trust to provide comfort and understanding during this uncertain time."
A3L3ZFL1NYFTCF,ESC,Trust,"16, 0","I view the supporter as someone who really gets what I am going through, and gives me more hope about finding a new job.",24,"I view the supporter as a reassuring presence, someone I trust to provide comfort and understanding during this uncertain time."
A353KETOEN0W8T,ESC,Trust,"16, 0","I view the supporter as someone I can trust, rely for guiding and encouraging during this stressful time.",18,"I view the supporter as a reassuring presence, someone I trust to provide comfort and understanding during this uncertain time."
AE861G0AY5RGT,ESC,Trust,"27, 1","I view my work as done well, and I'm offended by others who think opposite.",15,I view the supporter as someone relatable and I trust their perspective due to their similar experience.
A18LFH7XW61JO9,ESC,Trust,"27, 1",I view journaling as a potential way to deal with my frustrations at work.,14,I view the supporter as someone relatable and I trust their perspective due to their similar experience.
A353KETOEN0W8T,ESC,Trust,"27, 1",I view the supporter as someone who really understand what I am going through and whose advice is reliable.,19,I view the supporter as someone relatable and I trust their perspective due to their similar experience.
A18LFH7XW61JO9,ESC,Knowledge,"39, 2","I know that my previous employer was disloyal to me, but I am now using my time to improve my skills and move forward.",24,I know that I am using my time productively by learning new skills and gaining knowledge.
A353KETOEN0W8T,ESC,Knowledge,"39, 2",I know that improving myself and staying focused helps me move past frustration as the future is more important than past.,21,I know that I am using my time productively by learning new skills and gaining knowledge.
A3L3ZFL1NYFTCF,ESC,Knowledge,"39, 2",I know that learning new skills and staying positive will help me succeed in the future.,16,I know that I am using my time productively by learning new skills and gaining knowledge.
A18LFH7XW61JO9,ESC,Belief,"32, 0",I believe my friends and family are making my situation worse by not considering my feelings.,16,I believe my family and friends don't understand the depth of my feelings and think I'm better off without him.
A3O81LHBBI8NPK,ESC,Belief,"32, 0",I believe that my family didn't like my fiance and are pushing me to not like him and they are not thinking about how I feel.,26,I believe my family and friends don't understand the depth of my feelings and think I'm better off without him.
A35BY30TC8WCL4,ESC,Belief,"32, 0",I believe I'm in a situation where I need help from strangers because my people are not supporting me properly.,20,I believe my family and friends don't understand the depth of my feelings and think I'm better off without him.
A353KETOEN0W8T,ESC,Desires,"32, 1",I want to be with my friends and family during the holidays so I don't feel lonely and feel better.,20,I want to connect with a friend and talk about how I'm feeling.
A18LFH7XW61JO9,ESC,Desires,"32, 1",I want to be with a friend during the holidays so I don't have to be alone.,17,I want to connect with a friend and talk about how I'm feeling.
A3L3ZFL1NYFTCF,ESC,Desires,"32, 1",I want to spend time with a friend or loved in the holidays so I do not have to be alone and feel good.,24,I want to connect with a friend and talk about how I'm feeling.
A18LFH7XW61JO9,ESC,Belief,"39, 1",I believe that my struggles are a test that will lead me to a better opportunity.,16,"I believe that with persistence and faith, I'll find the right job opportunity soon."
A3L3ZFL1NYFTCF,ESC,Belief,"39, 1","I believe if I stay patient and keep faith, right opportunity will come and things will get better.",18,"I believe that with persistence and faith, I'll find the right job opportunity soon."
A29ZTHY1OB4IC8,ESC,Belief,"39, 1",I believe i will get the job but when is the question,12,"I believe that with persistence and faith, I'll find the right job opportunity soon."
A18LFH7XW61JO9,ESC,Belief,"16, 0","I believe that finding a new job will be difficult, and I'm still in disbelief that I was laid off.",20,"I believe this situation is overwhelming and unexpected, and I'm worried about my future and finding a new job."
A29VL3MZE7YPBZ,ESC,Belief,"16, 0",I believe it will be difficult for me to find another job due to COVID.,15,"I believe this situation is overwhelming and unexpected, and I'm worried about my future and finding a new job."
A353KETOEN0W8T,ESC,Belief,"16, 0","I believe I am shocked and sacred about losing my job, and I am worried about how I will find a new one.",23,"I believe this situation is overwhelming and unexpected, and I'm worried about my future and finding a new job."
A18LFH7XW61JO9,ESC,Intentions,"39, 1",I'll keep my confidence up and believe that things will work out in the end.,15,I will continue reaching out to more contacts and explore new job opportunities.
A35BY30TC8WCL4,ESC,Intentions,"39, 1",I will make sure I don't give up and try my best to stay motivated and find a job that's for me.,22,I will continue reaching out to more contacts and explore new job opportunities.
A353KETOEN0W8T,ESC,Intentions,"39, 1","I will stay positive and keep trying, trusting that the right opportunity will come and lead me to a better future.",21,I will continue reaching out to more contacts and explore new job opportunities.
A18LFH7XW61JO9,ESC,Emotions,"8, 0",I feel confident that I'll be able to manage my debt and financial situation.,14,I feel anxious and overwhelmed about my financial situation.
A353KETOEN0W8T,ESC,Emotions,"8, 0","I feel stressed and worried bout my debts because of the pandemic, but also a bit relieved and hopeful after getting advice on how to manage financial situation.",28,I feel anxious and overwhelmed about my financial situation.
A3L3ZFL1NYFTCF,ESC,Emotions,"8, 0","I feel stressed and worried about my financial situation, but also a bit relieved after getting some advice.",18,I feel anxious and overwhelmed about my financial situation.
A18LFH7XW61JO9,ESC,Trust,"31, 1","I view a therapist as a good option to help me deal with the complex issues in my relationship, even though I'm considering giving in to my girlfriend's demands.",29,I view the supporter as someone trustworthy because they listen and provide advice without judgment.
A29VL3MZE7YPBZ,ESC,Trust,"31, 1",I view myself lowly and am thinking about having a threesome with my girlfriend to save our relationship.,18,I view the supporter as someone trustworthy because they listen and provide advice without judgment.
A3L3ZFL1NYFTCF,ESC,Trust,"31, 1",I view the supporter as someone who understands my situation and makes me feel a bit more hopeful.,18,I view the supporter as someone trustworthy because they listen and provide advice without judgment.
A18LFH7XW61JO9,ESC,Intentions,"34, 0",I will try to change my perspective and find hope by believing that I'm not a failure.,17,I will try to remember that my uniqueness is not a failure and focus on feeling hopeful again.
A3L3ZFL1NYFTCF,ESC,Intentions,"34, 0","I will try to feel hopeful again and believing in myself again, so that I can start feeling more confident and better.",22,I will try to remember that my uniqueness is not a failure and focus on feeling hopeful again.
A35BY30TC8WCL4,ESC,Intentions,"34, 0",I will seek further support and try to rid myself of my depression.,13,I will try to remember that my uniqueness is not a failure and focus on feeling hopeful again.
A18LFH7XW61JO9,ESC,Intentions,"35, 2","I will go for a walk to try and focus on myself, because I'm tired of feeling like my future with her is out of my control.",27,I will take a long walk to clear my mind and focus on myself for a bit.
A353KETOEN0W8T,ESC,Intentions,"35, 2","I will take a long walk and focus on myself, while trying to deal with the uncertainty in my relationship.",20,I will take a long walk to clear my mind and focus on myself for a bit.
A35BY30TC8WCL4,ESC,Intentions,"35, 2",I will put more thought into my relationship and see if it's something that can be salvaged.,17,I will take a long walk to clear my mind and focus on myself for a bit.
A18LFH7XW61JO9,ESC,Trust,"1, 3",I view the supporter's advice as helpful and am willing to try it to improve my situation.,17,I view the supporter as someone I can trust because they listened and provided thoughtful advice throughout our conversation.
A29ZTHY1OB4IC8,ESC,Trust,"1, 3",I view good think will happen in the future and the current situation will ease,15,I view the supporter as someone I can trust because they listened and provided thoughtful advice throughout our conversation.
A3L3ZFL1NYFTCF,ESC,Trust,"1, 3",I feel the supporter as kind a trustworthy and I feel okay talking to them.,15,I view the supporter as someone I can trust because they listened and provided thoughtful advice throughout our conversation.
A18LFH7XW61JO9,ESC,Intentions,"2, 2",I will check out the rent and employment assistance programs at the food bank to get more help.,18,"I will look into the rent assistance and employment programs the organization offers, as they seem promising."
A3O81LHBBI8NPK,ESC,Intentions,"2, 2",I will be looking into assistance from the food bank to help while I am unemployed.,16,"I will look into the rent assistance and employment programs the organization offers, as they seem promising."
A35BY30TC8WCL4,ESC,Intentions,"2, 2",I will make sure I get the government assistance I need to get through this trying time.,17,"I will look into the rent assistance and employment programs the organization offers, as they seem promising."
A18LFH7XW61JO9,ESC,Belief,"19, 0",I believe that trying new things like listening to instrumental music could help me feel better.,16,"I believe I am feeling a persistent sense of sadness and hopelessness, making it hard to find joy in daily activities."
A3L3ZFL1NYFTCF,ESC,Belief,"19, 0","I believe my sadness is hard to get rid of, and I need something like music to help me feel better.",21,"I believe I am feeling a persistent sense of sadness and hopelessness, making it hard to find joy in daily activities."
A35BY30TC8WCL4,ESC,Belief,"19, 0",I believe I should be willing to try out new things to stop feeling so sad.,16,"I believe I am feeling a persistent sense of sadness and hopelessness, making it hard to find joy in daily activities."
A353KETOEN0W8T,ESC,Desires,"10, 0","I want some quite time to relax while my kids are occupied, as I need some peaceful moments to get relief from busyness.",23,I want to find some time to relax and recharge.
A18LFH7XW61JO9,ESC,Desires,"10, 0","I want to find a moment of peace for myself, even if it's unpredictable and short-lived.",16,I want to find some time to relax and recharge.
A3O81LHBBI8NPK,ESC,Desires,"10, 0",I want just a moment of peace but can't have it because I am a busy mother.,17,I want to find some time to relax and recharge.
A353KETOEN0W8T,ESC,Knowledge,"32, 1",I know that spending time with friends and keeping myself busy can help me feel better after a breakup.,19,I know I'm feeling hurt and confused because my partner left suddenly without warning.
A18LFH7XW61JO9,ESC,Knowledge,"32, 1",I know that being with a friend would make me feel better and help me get through this week.,19,I know I'm feeling hurt and confused because my partner left suddenly without warning.
A3L3ZFL1NYFTCF,ESC,Knowledge,"32, 1",I know that my relationship ended suddenly and spending time with friends might help me feel better.,17,I know I'm feeling hurt and confused because my partner left suddenly without warning.
A18LFH7XW61JO9,ESC,Intentions,"28, 0",I will try some new ways to connect with my friends and find a new hobby to cope with my sadness.,21,I will explore new hobbies to keep myself engaged and distracted from missing my friends.
A3O81LHBBI8NPK,ESC,Intentions,"28, 0","I will play games with my friends like \""The Giving Task\"" to make me feel better about missing them.",19,I will explore new hobbies to keep myself engaged and distracted from missing my friends.
A35BY30TC8WCL4,ESC,Intentions,"28, 0",I will keep exploring new ways to have some fun with friends without having to meet in person.,18,I will explore new hobbies to keep myself engaged and distracted from missing my friends.
A18LFH7XW61JO9,ESC,Knowledge,"38, 1","I know that a job at the library could provide a stable income, help me support my family and academics, and even offer opportunities for a better future.",28,I know the library is nearby and I'm considering a job there to help support my family and academics.
A3L3ZFL1NYFTCF,ESC,Knowledge,"38, 1","I know that working at the library could be a good way to earn money and support my family, continue to gain experience and still get the time to focus on my studies.",33,I know the library is nearby and I'm considering a job there to help support my family and academics.
A353KETOEN0W8T,ESC,Knowledge,"38, 1","I know that working at library can be enjoyable and sometime pleasant, help me support my family, and give me time to focus on my studies.",26,I know the library is nearby and I'm considering a job there to help support my family and academics.
A18LFH7XW61JO9,ESC,Belief,"2, 4",I believe that I can successfully sue my employer if I am wrongfully terminated because I have done so in the past.,22,"I believe I have a measured and proactive plan if the worst happens, grounded in past experiences."
A35BY30TC8WCL4,ESC,Belief,"2, 4",I believe my current employer is untrustworthy and I need to take precautions to protect myself.,16,"I believe I have a measured and proactive plan if the worst happens, grounded in past experiences."
A3L3ZFL1NYFTCF,ESC,Belief,"2, 4","I believe that if my employer treats me unfairly at work, I have the right to take an action against him.",21,"I believe I have a measured and proactive plan if the worst happens, grounded in past experiences."
A18LFH7XW61JO9,ESC,Knowledge,"12, 0",I know that talking to my husband about my feelings is difficult because he dosen't care.,16,I know that I feel lonely in my marriage and have considered leaving due to this feeling.
A353KETOEN0W8T,ESC,Knowledge,"12, 0","I know that I feel really upset and hurt in my relationship, and I need to talk about my feelings to understand things better, but I don't know how especially with everything feeling heavier during the holidays.",37,I know that I feel lonely in my marriage and have considered leaving due to this feeling.
A3L3ZFL1NYFTCF,ESC,Knowledge,"12, 0","I know that my husband does not care about my feelings , drinks too much when he goes out, and I do not feel comfortable getting around him then.",29,I know that I feel lonely in my marriage and have considered leaving due to this feeling.
A18LFH7XW61JO9,ESC,Emotions,"39, 0",I feel stressed and concerned about my ability to find a suitable job in my local area.,17,I feel anxious and concerned about my job situation and its impact on my family's well-being.
A3O81LHBBI8NPK,ESC,Emotions,"39, 0",I feel that I make sure I work near my family because I will have to take care of my aging mother soon.,23,I feel anxious and concerned about my job situation and its impact on my family's well-being.
A3L3ZFL1NYFTCF,ESC,Emotions,"39, 0",I feel stressed and worried about finding a job so I can support my family and take care of my mom.,21,I feel anxious and concerned about my job situation and its impact on my family's well-being.
A18LFH7XW61JO9,ESC,Knowledge,"40, 1","I know that meditation is a good idea, but I have a hard time focusing on it.",17,"I know that I'm interested in trying meditation to help with my negative thoughts, but I find it challenging to focus."
A353KETOEN0W8T,ESC,Knowledge,"40, 1","I know that calming medicine and meditation can help me with stress, but I need options that don't activate my allergies.",21,"I know that I'm interested in trying meditation to help with my negative thoughts, but I find it challenging to focus."
A35BY30TC8WCL4,ESC,Knowledge,"40, 1",I know that I'm not feeling well and I need to try to do something about it.,17,"I know that I'm interested in trying meditation to help with my negative thoughts, but I find it challenging to focus."
A18LFH7XW61JO9,ESC,Desires,"29, 0",I want to stop constantly thinking about my ex and find a way to get over our unresolved breakup.,19,I want closure from the breakup.
A29VL3MZE7YPBZ,ESC,Desires,"29, 0",I want to feel better after having a break up.,10,I want closure from the breakup.
A3L3ZFL1NYFTCF,ESC,Desires,"29, 0",I want to find a new way to move on and heal from this breakup because I am still hurting a lot.,22,I want closure from the breakup.
A18LFH7XW61JO9,ESC,Desires,"5, 1",I want to get the unemployment support and I'm frustrated that my savings and property are preventing me from getting it.,21,I want to feel financially secure and support my family without the stress of potential bankruptcy.
A3O81LHBBI8NPK,ESC,Desires,"5, 1",I want financial support to help me feel better and not feel that I was punished for working.,18,I want to feel financially secure and support my family without the stress of potential bankruptcy.
A3L3ZFL1NYFTCF,ESC,Desires,"5, 1",I want to help to get through this and support my family without losing all the things I have worked so hard for.,23,I want to feel financially secure and support my family without the stress of potential bankruptcy.
A353KETOEN0W8T,ESC,Trust,"22, 2",I view the supporter as someone I can trust and who really wants to help me further.,17,"I view the supporter as someone who is genuinely helpful and trustworthy. Their advice on writing a letter provides a clear and constructive solution, which makes me trust them more."
A18LFH7XW61JO9,ESC,Trust,"22, 2",I view this supporter's advice as a good solution for my situation.,12,"I view the supporter as someone who is genuinely helpful and trustworthy. Their advice on writing a letter provides a clear and constructive solution, which makes me trust them more."
A35BY30TC8WCL4,ESC,Trust,"22, 2","I view my ex as a highly unstable, untrustworthy, and damaging figure in my life.",15,"I view the supporter as someone who is genuinely helpful and trustworthy. Their advice on writing a letter provides a clear and constructive solution, which makes me trust them more."
A18LFH7XW61JO9,ESC,Desires,"28, 0",I want to feel less sad and find a way to connect with my friends.,15,I want to find a hobby that isn't social.
A3L3ZFL1NYFTCF,ESC,Desires,"28, 0","I want to feel connected and find ways to stay close to my friends and enjoy the time with them, despite not able to meet them in person right now.",30,I want to find a hobby that isn't social.
A353KETOEN0W8T,ESC,Desires,"28, 0","I want to feel close to my friends and have fun, playful moments together, even we can't meet in person right now.",22,I want to find a hobby that isn't social.
A18LFH7XW61JO9,ESC,Intentions,"1, 3",I will try to improve my situation by walking to clear my mind and giving my friends some space.,19,I will start off by walking to clear my mind and reduce stress.
A3L3ZFL1NYFTCF,ESC,Intentions,"1, 3",I will stay positive and take care of myself and be patient with others.,14,I will start off by walking to clear my mind and reduce stress.
A35BY30TC8WCL4,ESC,Intentions,"1, 3",I will try to not be so pushy with my friends.,11,I will start off by walking to clear my mind and reduce stress.
A18LFH7XW61JO9,ESC,Desires,"6, 1",I want things to get better next year.,8,I want to find security in my job and financial situation.
A3L3ZFL1NYFTCF,ESC,Desires,"6, 1","I want to feel more safe and secure, get support if I lost my job, get the vaccine and see the yer improve for me and a better year for everyone.",31,I want to find security in my job and financial situation.
A353KETOEN0W8T,ESC,Desires,"6, 1","I want to stay safe, get vaccinated, and have support like food banks if I lose my job, and see things improve in the coming year.",26,I want to find security in my job and financial situation.
A18LFH7XW61JO9,ESC,Knowledge,"4, 2","I know that this is a complicated situation because my children are attached to him, and his children also want to live with me.",24,I know that my partner treats me well and is trying to accommodate me despite the situation.
A353KETOEN0W8T,ESC,Knowledge,"4, 2","I know this situation is really complicated, with children involved and COVID has just made everything more harder.",18,I know that my partner treats me well and is trying to accommodate me despite the situation.
A35BY30TC8WCL4,ESC,Knowledge,"4, 2",I know that I'm in a situation that could be harmful to my children.,14,I know that my partner treats me well and is trying to accommodate me despite the situation.
A353KETOEN0W8T,ESC,Emotions,"0, 1","I feel stressed and unsure about my job like is it right for me or not, but now I am thinking carefully about it.",24,I feel uncertain but grateful for the support and perspective.
A18LFH7XW61JO9,ESC,Emotions,"0, 1","I'm not sure if this job is right for me, and I feel conflicted about staying because of how it's affecting my mental health.",24,I feel uncertain but grateful for the support and perspective.
A3L3ZFL1NYFTCF,ESC,Emotions,"0, 1","I feel uncertain and torn about my job, but grateful for the advice that helps me its importance.",18,I feel uncertain but grateful for the support and perspective.
AE861G0AY5RGT,ESC,Emotions,"21, 3",I feel grateful to have the ability to take a nice walk and get some fresh air.,17,I feel relieved because talking about my feelings and hearing supportive feedback has helped lighten the emotional weight.
A18LFH7XW61JO9,ESC,Emotions,"21, 3",I feel a sense of relief and gratitude after talking and plan to go for a walk to improve my mood.,21,I feel relieved because talking about my feelings and hearing supportive feedback has helped lighten the emotional weight.
A353KETOEN0W8T,ESC,Emotions,"21, 3","I feel bit happier, calm and relaxed after talking to someone who listened, and feel refreshed knowing I can enjoy spending time in nature.",24,I feel relieved because talking about my feelings and hearing supportive feedback has helped lighten the emotional weight.
A18LFH7XW61JO9,ESC,Desires,"11, 0",I want to find a new job in my field and feel less stressed about my situation.,17,I want to find a job that matches my IT skills.
A353KETOEN0W8T,ESC,Desires,"11, 0",I want to find a new job in IT and feel less stressed about the difficulties caused by the recession and COVID.,22,I want to find a job that matches my IT skills.
A3L3ZFL1NYFTCF,ESC,Desires,"11, 0",I want to find a good job in IT and stop feeling so stressed about not getting one.,18,I want to find a job that matches my IT skills.
A18LFH7XW61JO9,ESC,Desires,"27, 2",I want to take control of my situation by focusing on solutions like updating my resume and finding a new job.,21,I want to find a job that makes me happy and aligns with my interests and skills.
A3L3ZFL1NYFTCF,ESC,Desires,"27, 2","I want to take more control of my career and make positive changes, so I feel better about my job and explore new opportunities.",24,I want to find a job that makes me happy and aligns with my interests and skills.
A353KETOEN0W8T,ESC,Desires,"27, 2","I want to find a new job, get my resume ready and feel back in control of my life and focus on solutions.",23,I want to find a job that makes me happy and aligns with my interests and skills.
A18LFH7XW61JO9,ESC,Emotions,"41, 0",I feel disappointed and sad that I can't be with my family in person for the holidays.,17,I feel a bit disconnected and lonely because I miss my family and the current situation prevents me from seeing them.
A29VL3MZE7YPBZ,ESC,Emotions,"41, 0",I feel nervous about not seeing my family over the holidays because of the shutdowns.,15,I feel a bit disconnected and lonely because I miss my family and the current situation prevents me from seeing them.
A3L3ZFL1NYFTCF,ESC,Emotions,"41, 0","I feel lonely and disappointed that I cannot see my family, but glad that at least I can talk to them on the phone.",24,I feel a bit disconnected and lonely because I miss my family and the current situation prevents me from seeing them.
A18LFH7XW61JO9,ESC,Knowledge,"15, 0","I know that my job options are limited because I don't have formal training outside of being a server, but I am open to a new career as a delivery driver.",31,I know I lost my job two weeks ago and I'm feeling scared about the future.
A3L3ZFL1NYFTCF,ESC,Knowledge,"15, 0",I know that I lost my job recently and do not have much training but I could try delivery work with my car.,23,I know I lost my job two weeks ago and I'm feeling scared about the future.
A35BY30TC8WCL4,ESC,Knowledge,"15, 0",I know that I really need to get a new job so I can keep supporting myself.,17,I know I lost my job two weeks ago and I'm feeling scared about the future.
A18LFH7XW61JO9,ESC,Emotions,"6, 0",I feel stressed about my finances and frustrated that I can't find more work to cover my increasing expenses.,19,I feel anxious and stressed about finding additional work to cover my expenses.
A29VL3MZE7YPBZ,ESC,Emotions,"6, 0",I feel like it's hard to find a job when you are a gig worker.,15,I feel anxious and stressed about finding additional work to cover my expenses.
A353KETOEN0W8T,ESC,Emotions,"6, 0",I feel stressed and frustrated about finding online work to keep up with my expenses.,15,I feel anxious and stressed about finding additional work to cover my expenses.
A18LFH7XW61JO9,ESC,Intentions,"4, 2",I will do my best to protect my children from getting hurt in this confusing situation.,16,I will take some time to reflect on my feelings and consider the well-being of my children before making any decisions.
A353KETOEN0W8T,ESC,Intentions,"4, 2",I will figure out how to handle this complicated relationship and focus on what is best for my children.,19,I will take some time to reflect on my feelings and consider the well-being of my children before making any decisions.
A3O81LHBBI8NPK,ESC,Intentions,"4, 2",I will talk to my ex about the living arrangement and make progess into getting my children back with me.,20,I will take some time to reflect on my feelings and consider the well-being of my children before making any decisions.
A18LFH7XW61JO9,ESC,Belief,"36, 1",I believe that online shopping is helpful for many people.,10,"I believe I'm feeling mixed emotions about the breakup. It seems like it was necessary, but it's still hard to accept."
A3O81LHBBI8NPK,ESC,Belief,"36, 1",I believe that fate leads lives and that what was meant to be will be.,15,"I believe I'm feeling mixed emotions about the breakup. It seems like it was necessary, but it's still hard to accept."
A3L3ZFL1NYFTCF,ESC,Belief,"36, 1",I believe that I should trust again carefully and let go of people who are not meant to stay.,19,"I believe I'm feeling mixed emotions about the breakup. It seems like it was necessary, but it's still hard to accept."
A18LFH7XW61JO9,ESC,Desires,"21, 2",I want to feel happy without feeling guilty about it.,10,I want to find a comedy series or podcast that can lift my spirits.
A353KETOEN0W8T,ESC,Desires,"21, 2","I want to feel moments of happiness, enjoy every small happy moments, even though so much sadness is happening around the world.",22,I want to find a comedy series or podcast that can lift my spirits.
A29VL3MZE7YPBZ,ESC,Desires,"21, 2",I want to feel more positive during the hard times.,10,I want to find a comedy series or podcast that can lift my spirits.
A18LFH7XW61JO9,ESC,Desires,"21, 3",I want to find comfort in nature and have a good day by taking a walk.,16,I want to go for a nice walk to enjoy the nature around me.
A29VL3MZE7YPBZ,ESC,Desires,"21, 3",I want to go for a nice walk while the weather is nice.,13,I want to go for a nice walk to enjoy the nature around me.
A353KETOEN0W8T,ESC,Desires,"21, 3",I want to feel better and lighten my mood by enjoying nature by going for a walk and have someone to talk to.,23,I want to go for a nice walk to enjoy the nature around me.
A18LFH7XW61JO9,ESC,Emotions,"3, 0","I feel like my hobbies have been limited due to the pandemic, and I'm unsure of how to make them work in this new situation.",25,I feel isolated but somewhat hopeful with the idea of connecting online.
A29VL3MZE7YPBZ,ESC,Emotions,"3, 0",I feel very depressed during COVID times with all the worrying I am doing.,14,I feel isolated but somewhat hopeful with the idea of connecting online.
A3L3ZFL1NYFTCF,ESC,Emotions,"3, 0",I feel lonely and sad because I cannot see m friends or play music with my band.,17,I feel isolated but somewhat hopeful with the idea of connecting online.
A18LFH7XW61JO9,ESC,Knowledge,"33, 0",I know that my friend's behavior is too careless and that I need to distance myself from her for my own safety.,22,I know that the situation with my friend is making me feel hurt and confused.
A353KETOEN0W8T,ESC,Knowledge,"33, 0","I know that my friends behavior not to follow safety measures during the pandemic is very risky, and I might need to keep my distance to stay safe.",28,I know that the situation with my friend is making me feel hurt and confused.
A3L3ZFL1NYFTCF,ESC,Knowledge,"33, 0","I know I care about staying safe and understand how serious Covid is, I am really hurt and frustrated that my friend, is not taking it seriously.",27,I know that the situation with my friend is making me feel hurt and confused.
A18LFH7XW61JO9,ESC,Emotions,"1, 2",I feel anxious about confronting my friends because I'm afraid it will end our friendship.,15,I feel anxious about the situation with my friends resolving smoothly and fear the possibility of losing them.
A3L3ZFL1NYFTCF,ESC,Emotions,"1, 2","I feel nervous and worried about my friendship, hoping it can be resolved without it falling apart.",17,I feel anxious about the situation with my friends resolving smoothly and fear the possibility of losing them.
A35BY30TC8WCL4,ESC,Emotions,"1, 2",I feel worried about my relationships with my friends and whether they'll survive these trying times.,16,I feel anxious about the situation with my friends resolving smoothly and fear the possibility of losing them.
A18LFH7XW61JO9,ESC,Emotions,"22, 0",I feel deeply frustrated and helpless because my ex's harassing behavior is out of my control.,16,I feel frustrated and overwhelmed by my ex's actions and the lack of support from others.
A353KETOEN0W8T,ESC,Emotions,"22, 0",I feel frustrated and helpless because my ex keeps harassing me online and there is nothing I can do and no one seems able to stop it.,27,I feel frustrated and overwhelmed by my ex's actions and the lack of support from others.
A35BY30TC8WCL4,ESC,Emotions,"22, 0","I feel betrayed, depressed, and somewhat fearful.",7,I feel frustrated and overwhelmed by my ex's actions and the lack of support from others.
A18LFH7XW61JO9,ESC,Knowledge,"5, 0",I know that I don't qualify for unemployment benefits and that I'm struggling to find a job.,17,"I know that I have savings that provide some temporary security, even if they disqualify me from unemployment benefits."
A3O81LHBBI8NPK,ESC,Knowledge,"5, 0",I know that since losing my job it has been hard to find a way to create income.,18,"I know that I have savings that provide some temporary security, even if they disqualify me from unemployment benefits."
A353KETOEN0W8T,ESC,Knowledge,"5, 0","I know that getting a job is really tough right now, and my financial situation makes things ever harder for me.",21,"I know that I have savings that provide some temporary security, even if they disqualify me from unemployment benefits."
A18LFH7XW61JO9,ESC,Belief,"3, 1","I believe that with the vaccine, life will return to normal in a few months.",15,I believe there is hope and that things will improve with the new year and vaccinations.
A29VL3MZE7YPBZ,ESC,Belief,"3, 1",I believe things will be better after the vaccinations come.,10,I believe there is hope and that things will improve with the new year and vaccinations.
A35BY30TC8WCL4,ESC,Belief,"3, 1",I believe the band will be able to make music normally in the near future.,15,I believe there is hope and that things will improve with the new year and vaccinations.
A18LFH7XW61JO9,ESC,Knowledge,"4, 1","I know that I've given him an ultimatum and that he's still married, and now I'm trying to decide if he deserves more time to prove himself.",27,"I know that my mind aligns with the logical perspective, understanding the concerns about his delayed divorce."
A353KETOEN0W8T,ESC,Knowledge,"4, 1","I know that I am confused and emotionally torn because he is still married, even though he seems to be putting lot of effort into our relationship.",27,"I know that my mind aligns with the logical perspective, understanding the concerns about his delayed divorce."
A3N5RTXKN4I723,ESC,Knowledge,"4, 1",I KNOW IT'S FEEL GOOD,5,"I know that my mind aligns with the logical perspective, understanding the concerns about his delayed divorce."
A18LFH7XW61JO9,ESC,Desires,"21, 0","I want to see and hug my family, especially those in the nursing home, even though I know I can't.",20,"I want to find a way to connect with my family in the nursing home, even if it's just through a phone call."
A353KETOEN0W8T,ESC,Desires,"21, 0","I want to see and hug my friends and family in person, aseptically those in the nursing home, because I miss them deeply and feel connected again.",27,"I want to find a way to connect with my family in the nursing home, even if it's just through a phone call."
A3L3ZFL1NYFTCF,ESC,Desires,"21, 0",I want to see my friends and family in person.,10,"I want to find a way to connect with my family in the nursing home, even if it's just through a phone call."
A18LFH7XW61JO9,ESC,Emotions,"29, 0",I feel immense grief and frustration over the unresolved ending of my relationship.,13,I feel heartbroken and stuck on the past with him.
A29VL3MZE7YPBZ,ESC,Emotions,"29, 0",I feel like I still care about my ex even after we broke up.,14,I feel heartbroken and stuck on the past with him.
A353KETOEN0W8T,ESC,Emotions,"29, 0","I feel heartbroken, stuck and sad because I can't stop thinking about someone I really cared about.",17,I feel heartbroken and stuck on the past with him.
A353KETOEN0W8T,ESC,Intentions,"41, 1",I will try to find ways to feel more motivated and get things done even when I am tired and feel low.,22,I will try to follow the supporter’s advice and play Among Us to relax and distract myself.
A18LFH7XW61JO9,ESC,Intentions,"41, 1",I will try the game you suggested to connect with my friends and also ask for tips on how to get my energy back.,24,I will try to follow the supporter’s advice and play Among Us to relax and distract myself.
A3O81LHBBI8NPK,ESC,Intentions,"41, 1",I will play Among Us when I find the energy to want to play.,14,I will try to follow the supporter’s advice and play Among Us to relax and distract myself.
A18LFH7XW61JO9,ESC,Knowledge,"41, 1",I know that playing a new game and finding a way to get my energy back might help me feel better.,21,I know that I'm overwhelmed and looking for ways to find energy and motivation.
A3L3ZFL1NYFTCF,ESC,Knowledge,"41, 1",I know that I am feeling really low on energy lately and need tips or ideas to help me more motivated.,21,I know that I'm overwhelmed and looking for ways to find energy and motivation.
A353KETOEN0W8T,ESC,Knowledge,"41, 1",I know that I have been feeling drained lately with low energy and could use some tips to get my energy back.,22,I know that I'm overwhelmed and looking for ways to find energy and motivation.
A18LFH7XW61JO9,ESC,Knowledge,"16, 0","I know that I need to find a new job, but I don't know how to start.",17,"I know I'm facing a challenging situation with the job layoff, and it's overwhelming."
A3O81LHBBI8NPK,ESC,Knowledge,"16, 0",I know that I might be laid off at my job.,11,"I know I'm facing a challenging situation with the job layoff, and it's overwhelming."
A353KETOEN0W8T,ESC,Knowledge,"16, 0",I know that losing my job is scary and shocking and I need to focus on improving my skill and grab a new one.,24,"I know I'm facing a challenging situation with the job layoff, and it's overwhelming."
A18LFH7XW61JO9,ESC,Trust,"1, 0",I view my friendships as one-sided and feel a lack of trust in their commitment to our relationship.,18,I view the supporter as someone I can trust because they seem to really care about understanding my situation.
A3L3ZFL1NYFTCF,ESC,Trust,"1, 0",I view the supporter as someone I can talk to openly about my feelings and tries to understand what I am going through.,23,I view the supporter as someone I can trust because they seem to really care about understanding my situation.
A35BY30TC8WCL4,ESC,Trust,"1, 0",I view my old friend as someone I can no longer rely on.,13,I view the supporter as someone I can trust because they seem to really care about understanding my situation.
A18LFH7XW61JO9,ESC,Belief,"7, 0",I believe that the lack of motivation I'm feeling is a result of the pandemic and other people not taking it seriously.,22,I believe reading and playing games could genuinely help improve my motivation and mood.
A353KETOEN0W8T,ESC,Belief,"7, 0","I believe doing things I enjoy, like reading or playing games, will help me feel better and more motivated.",19,I believe reading and playing games could genuinely help improve my motivation and mood.
A3O81LHBBI8NPK,ESC,Belief,"7, 0",I believe that the pandemic has caused me to be unmotivated and that maybe reading more will help.,18,I believe reading and playing games could genuinely help improve my motivation and mood.
A18LFH7XW61JO9,ESC,Emotions,"4, 0","I feel overwhelmed, betrayed, and confused about my relationship.",9,I feel betrayed and hurt knowing he lied about his marital status.
A353KETOEN0W8T,ESC,Emotions,"4, 0","I feel really confused, hurt and not sure about whether I can trust him again after finding out he lied about being divorced.",23,I feel betrayed and hurt knowing he lied about his marital status.
A3L3ZFL1NYFTCF,ESC,Emotions,"4, 0",I feel hurt and unsure If I can trust him anymore.,11,I feel betrayed and hurt knowing he lied about his marital status.
A18LFH7XW61JO9,ESC,Desires,"2, 0",I want to receive my unemployment assistance so I can feel financially secure.,13,I want to ensure my financial stability during this uncertain time.
A353KETOEN0W8T,ESC,Desires,"2, 0",I want to get the financial help I need while I recover from COVID-19 and can't get back to work.,20,I want to ensure my financial stability during this uncertain time.
A3L3ZFL1NYFTCF,ESC,Desires,"2, 0",I want to get my job and make sure I get the help I need while recovering from COVID.,19,I want to ensure my financial stability during this uncertain time.
A18LFH7XW61JO9,ESC,Belief,"21, 0",I believe that seeing my loved ones in person is the only way to feel truly connected to them.,19,I believe I am feeling lonely because I miss the personal connection with my friends and family during the pandemic.
A3O81LHBBI8NPK,ESC,Belief,"21, 0",I believe that if I could have more access to being with friends and family that I would be happier.,20,I believe I am feeling lonely because I miss the personal connection with my friends and family during the pandemic.
A29VL3MZE7YPBZ,ESC,Belief,"21, 0",I believe that it is hard to connect with all of my family during the pandemic.,16,I believe I am feeling lonely because I miss the personal connection with my friends and family during the pandemic.
A18LFH7XW61JO9,ESC,Intentions,"33, 1",I will end my friendship with her to protect myself and others from her dangerous behavior.,16,I will prioritize safety and distance myself from her to protect myself and others.
A3O81LHBBI8NPK,ESC,Intentions,"33, 1",I will spend less time engaging with this friend.,9,I will prioritize safety and distance myself from her to protect myself and others.
A3L3ZFL1NYFTCF,ESC,Intentions,"33, 1",I will step back from my friend because her beliefs about the virus are really dangerous.,16,I will prioritize safety and distance myself from her to protect myself and others.
A18LFH7XW61JO9,ESC,Desires,"14, 0",I want my friends to acknowledge their mistake and apologize for their behavior.,13,I want to give my friends time to realize their mistakes and reflect on what happened.
A3O81LHBBI8NPK,ESC,Desires,"14, 0",I want to understand how I should handle my friends being upset with me.,14,I want to give my friends time to realize their mistakes and reflect on what happened.
A353KETOEN0W8T,ESC,Desires,"14, 0",I want to step back from my friends for now and see if they come to realize their mistakes.,19,I want to give my friends time to realize their mistakes and reflect on what happened.
A18LFH7XW61JO9,ESC,Knowledge,"27, 2",I know that focusing on solutions like updating my resume and looking for new jobs will help me regain control and feel better about my situation.,26,I know I need to update my resume to improve my job prospects.
A353KETOEN0W8T,ESC,Knowledge,"27, 2","I know that updating my resume and looking for job sites can help me get back on track, even if it is hard to find the time as needed.",29,I know I need to update my resume to improve my job prospects.
A3L3ZFL1NYFTCF,ESC,Knowledge,"27, 2",I know that updating my resume and checking job sites and focusing on solutions can help me take control  of my career again.,23,I know I need to update my resume to improve my job prospects.
A18LFH7XW61JO9,ESC,Desires,"15, 2",I want to feel safe and protected from the virus.,10,I want to explore job opportunities like Grub Hub and Uber Eats to improve my financial situation.
A353KETOEN0W8T,ESC,Desires,"15, 2","I need advice and guidance to stay safe, healthy and make money during COVID-19.",14,I want to explore job opportunities like Grub Hub and Uber Eats to improve my financial situation.
A29VL3MZE7YPBZ,ESC,Desires,"15, 2",I want to find a job whole COVID-19 is happening.,10,I want to explore job opportunities like Grub Hub and Uber Eats to improve my financial situation.
A353KETOEN0W8T,ESC,Intentions,"21, 0",I will do my best to stay connected with my family even if I can't see them in person right now.,21,I will try to arrange more regular phone calls with my family in the nursing home to feel closer.
A18LFH7XW61JO9,ESC,Intentions,"21, 0","I will find ways to stay in touch with my friends and family, but I will still mourn the fact that I can't be with them in person.",28,I will try to arrange more regular phone calls with my family in the nursing home to feel closer.
A3L3ZFL1NYFTCF,ESC,Intentions,"21, 0","I will try to stay in touch with my family and friends, even if I cannot see them in person.",20,I will try to arrange more regular phone calls with my family in the nursing home to feel closer.
A18LFH7XW61JO9,ESC,Desires,"13, 1",I want to continue this pleasant conversation and connect with you.,11,I want to focus on my resolution and finding ways to stay positive during lonely times.
A3O81LHBBI8NPK,ESC,Desires,"13, 1",I want someone to help me feel better during the holidays.,11,I want to focus on my resolution and finding ways to stay positive during lonely times.
A29VL3MZE7YPBZ,ESC,Desires,"13, 1",I want to be cheered up on the holidays.,9,I want to focus on my resolution and finding ways to stay positive during lonely times.
A353KETOEN0W8T,ESC,Belief,"37, 1",I believe that starting new hobbies and keeping myself busy will help me feel better and depression free.,18,I believe I feel hopeful about trying new hobbies to help with my depression.
A18LFH7XW61JO9,ESC,Belief,"37, 1",I believe that trying a new hobby will help me overcome my depression.,13,I believe I feel hopeful about trying new hobbies to help with my depression.
A29VL3MZE7YPBZ,ESC,Belief,"37, 1","I believe if I talk to my friends, they will see me in a negative mood.",16,I believe I feel hopeful about trying new hobbies to help with my depression.
A18LFH7XW61JO9,ESC,Intentions,"12, 0","I will find a way to tell my husband that I'm lonely and want to end our marriage, despite my past attempts being unsuccessful.",24,I will talk to my husband about arranging a quiet evening at home to try and reconnect.
A3L3ZFL1NYFTCF,ESC,Intentions,"12, 0",I will try to find a way to tell my husband how lonely I feel and that I want to work on or leave the marriage.,26,I will talk to my husband about arranging a quiet evening at home to try and reconnect.
A35BY30TC8WCL4,ESC,Intentions,"12, 0",I will go through with separating from my partner.,9,I will talk to my husband about arranging a quiet evening at home to try and reconnect.
A18LFH7XW61JO9,ESC,Desires,"1, 3",I want my friendships to go back to the way they were before.,13,I want to improve relationships with my friends.
A353KETOEN0W8T,ESC,Desires,"1, 3","I want to feel less stressed and relieve stress, take care of myself, and hope for a better year ahead for everyone.",22,I want to improve relationships with my friends.
A3L3ZFL1NYFTCF,ESC,Desires,"1, 3","I want to feel less stressed, get healthier, and have a better year for me and my friends.",18,I want to improve relationships with my friends.
A18LFH7XW61JO9,ESC,Trust,"41, 0","I view video chat as a great way to connect, but I am not confident that my family can use it.",21,I view the supporter as someone I can trust because they are understanding and empathetic about my situation.
A29VL3MZE7YPBZ,ESC,Trust,"41, 0",I view things as difficult now with all the shutdowns and separation.,12,I view the supporter as someone I can trust because they are understanding and empathetic about my situation.
A35BY30TC8WCL4,ESC,Trust,"41, 0",I view my family as being there for me in the ways that they're able.,15,I view the supporter as someone I can trust because they are understanding and empathetic about my situation.
A18LFH7XW61JO9,ESC,Trust,"24, 0","I view the supporter as a helpful friend and a source of motivation, and I feel that they will help me find a job.",24,I view the supporter as someone I can trust because they have shown understanding and empathy towards my situation.
A353KETOEN0W8T,ESC,Trust,"24, 0",I view the supporter as someone I can trust and who are trustworthy care about me helping me.,18,I view the supporter as someone I can trust because they have shown understanding and empathy towards my situation.
A3L3ZFL1NYFTCF,ESC,Trust,"24, 0","I view the supporter as a kind and trustworthy being I can talk with, about my problems and and get support from.",22,I view the supporter as someone I can trust because they have shown understanding and empathy towards my situation.
A18LFH7XW61JO9,ESC,Emotions,"31, 1","I feel a desperate need to get my girlfriend back, even if it means doing something that makes me uncomfortable.",20,"I feel confused and conflicted about my situation, struggling with boundaries and my past experiences."
A3O81LHBBI8NPK,ESC,Emotions,"31, 1",I feel forced to participate in something that my girlfriend wants or I would lose her.,16,"I feel confused and conflicted about my situation, struggling with boundaries and my past experiences."
A29VL3MZE7YPBZ,ESC,Emotions,"31, 1",I feel like I have Stockholm Syndrome with my girlfriend.,10,"I feel confused and conflicted about my situation, struggling with boundaries and my past experiences."
A18LFH7XW61JO9,ESC,Trust,"5, 0",I view my financial situation as a major obstacle to getting help and getting back on my feet.,18,"I view the supporter as trustworthy and empathetic, providing a listening ear and practical advice."
A3O81LHBBI8NPK,ESC,Trust,"5, 0",I view my situation as hopeless since there isn't much I can do about it.,15,"I view the supporter as trustworthy and empathetic, providing a listening ear and practical advice."
A353KETOEN0W8T,ESC,Trust,"5, 0",I view the supporter as someone I can trust to listen and understand what I am going through with my job search and who understands my situation.,27,"I view the supporter as trustworthy and empathetic, providing a listening ear and practical advice."
A18LFH7XW61JO9,ESC,Trust,"32, 0",I view my friends and family as unsupportive and judgmental because they are making my sadness worse.,17,I view the supporter as someone I can trust because they are actively listening and providing a safe space for me to express my feelings.
A3L3ZFL1NYFTCF,ESC,Trust,"32, 0","I view that I don't really have much support and can't rely on my family and friends right now, so I have to trust someone outside and understand what I am going through.",33,I view the supporter as someone I can trust because they are actively listening and providing a safe space for me to express my feelings.
A35BY30TC8WCL4,ESC,Trust,"32, 0",I view my family and friends as unreliable support in the situation I'm in.,14,I view the supporter as someone I can trust because they are actively listening and providing a safe space for me to express my feelings.
A18LFH7XW61JO9,ESC,Belief,"44, 0","I believe that my relationship is likely ending because my girlfriend is choosing a school far away, which makes me feel like I sacrificed for nothing.",26,I believe I am feeling regret for prioritizing my relationship over my own educational opportunities.
A29VL3MZE7YPBZ,ESC,Belief,"44, 0",I believe the long distance between me and my girlfriend is going to break us up.,16,I believe I am feeling regret for prioritizing my relationship over my own educational opportunities.
A353KETOEN0W8T,ESC,Belief,"44, 0","I believe I gave up a lot for our relationship, but she didn't care and make the same effort the way I prioritize.",23,I believe I am feeling regret for prioritizing my relationship over my own educational opportunities.
A353KETOEN0W8T,ESC,Intentions,"27, 0","I will try to stay calm and manage my frustration at work, until I find a better opportunity, keep doing my best despite my manager not appreciating me.",28,I will look for new job opportunities while managing my current work situation as best as I can.
AE861G0AY5RGT,ESC,Intentions,"27, 0",I will not be angry and attempt to get along with my manager.,13,I will look for new job opportunities while managing my current work situation as best as I can.
A18LFH7XW61JO9,ESC,Intentions,"27, 0",I will stay at my current job despite being unhappy because I need the money to pay my bills.,19,I will look for new job opportunities while managing my current work situation as best as I can.
A18LFH7XW61JO9,ESC,Belief,"29, 0","I believe that because my breakup was unresolved, it's a lot harder to get over him.",16,I believe I'm struggling to let go because I still have unresolved feelings for him.
A3O81LHBBI8NPK,ESC,Belief,"29, 0",I believe with time I will be able to move on from this breakup even though it is hard right now.,21,I believe I'm struggling to let go because I still have unresolved feelings for him.
A353KETOEN0W8T,ESC,Belief,"29, 0","I believe that getting over with someone is really hard, when the breakup didn't have closure and feels unresolved.",19,I believe I'm struggling to let go because I still have unresolved feelings for him.
AE861G0AY5RGT,ESC,Knowledge,"2, 0",I know the pandemic assistance will come through making life easier.,11,I know that I've been approved for Pandemic Unemployment Assistance and am currently in the process of verifying my identity.
A18LFH7XW61JO9,ESC,Knowledge,"2, 0","I know that my job is in jeopardy because I have COVID-19, and I need to verify my identity to receive the unemployment assistance.",24,I know that I've been approved for Pandemic Unemployment Assistance and am currently in the process of verifying my identity.
A29VL3MZE7YPBZ,ESC,Knowledge,"2, 0",I know things are getting better even if they are hard right now.,13,I know that I've been approved for Pandemic Unemployment Assistance and am currently in the process of verifying my identity.
A18LFH7XW61JO9,ESC,Desires,"11, 1",I want to find a way to overcome my demotivation and get back to my career.,16,I want to find motivation and fulfillment in my career again.
A353KETOEN0W8T,ESC,Desires,"11, 1","I want to stay motivated in my career, get support when I feel down, and want to move forward even when things get hard.",24,I want to find motivation and fulfillment in my career again.
A3L3ZFL1NYFTCF,ESC,Desires,"11, 1",I want to stay motivated in my career and get support when I feel down.,15,I want to find motivation and fulfillment in my career again.
A18LFH7XW61JO9,ESC,Belief,"30, 0",I believe that my feelings of sadness are selfish because so many other people are also suffering right now.,19,"I believe I'm overwhelmed by grief and loneliness, which makes it hard to think clearly about getting a new puppy."
A3L3ZFL1NYFTCF,ESC,Belief,"30, 0",I believe that getting a new puppy could help me feel a little less lonely during this painful time.,19,"I believe I'm overwhelmed by grief and loneliness, which makes it hard to think clearly about getting a new puppy."
A353KETOEN0W8T,ESC,Belief,"30, 0",I believe a new puppy could help me feel less lonely and sad during this difficult time.,17,"I believe I'm overwhelmed by grief and loneliness, which makes it hard to think clearly about getting a new puppy."
A18LFH7XW61JO9,ESC,Belief,"27, 1",I believe that writing can help me cope with my frustration and find a way to express myself.,18,I believe exploring job opportunities might give me hope and options.
A353KETOEN0W8T,ESC,Belief,"27, 1",I believe that expressing and writing down my thoughts like journalistic can help me handle frustration at work.,18,I believe exploring job opportunities might give me hope and options.
A35BY30TC8WCL4,ESC,Belief,"27, 1",I believe I'm not entirely safe talking openly about my opinions at work.,13,I believe exploring job opportunities might give me hope and options.
A29ZTHY1OB4IC8,MI,Belief,"5, 9","I believe spending time with Donna helps keep me out of trouble, even though I still miss hanging out with my mates.",22,I believe spending time with Donna helps me stay out of trouble.
A18LFH7XW61JO9,MI,Belief,"5, 9",I believe having girlfriends would help my friends calm down and be less likely to get into trouble.,18,I believe spending time with Donna helps me stay out of trouble.
A35BY30TC8WCL4,MI,Belief,"5, 9",I believe my friends might be a problematic influence in my life.,12,I believe spending time with Donna helps me stay out of trouble.
A29ZTHY1OB4IC8,MI,Emotions,"5, 8",I feel unsure and a little defensive about my choices and how they affect my goals.,16,I feel uncertain about my choices and the impact of my friendships.
A18LFH7XW61JO9,MI,Emotions,"5, 8",I feel defensive and responsible for my actions.,8,I feel uncertain about my choices and the impact of my friendships.
A3O81LHBBI8NPK,MI,Emotions,"5, 8","I feel that hanging out my with my friends, despite the trouble we get into, isn't a problem.",18,I feel uncertain about my choices and the impact of my friendships.
A18LFH7XW61JO9,MI,Emotions,"10, 3","I feel scared by the health risks associated with smoking, especially as a mother.",14,"I feel concerned about the health risks associated with smoking, especially as a mother."
A353KETOEN0W8T,MI,Emotions,"10, 3","I feel concerned and a bit anxious about my health, and I really want to stay safe for myself and for my child.",23,"I feel concerned about the health risks associated with smoking, especially as a mother."
A3L3ZFL1NYFTCF,MI,Emotions,"10, 3",I feel worried about my health and want to be careful.,11,"I feel concerned about the health risks associated with smoking, especially as a mother."
A35BY30TC8WCL4,MI,Knowledge,"10, 4",I know that I need to cut back on my smoking.,11,I know that I'm currently smoking five or six cigarettes in the evening.
A3O81LHBBI8NPK,MI,Knowledge,"10, 4",I know that I need to cut back on my smoking.,11,I know that I'm currently smoking five or six cigarettes in the evening.
A18LFH7XW61JO9,MI,Knowledge,"10, 4",I know that cutting back my smoking to three cigarettes in the evening is a realistic first step towards a healthier lifestyle.,22,I know that I'm currently smoking five or six cigarettes in the evening.
A18LFH7XW61JO9,MI,Emotions,"5, 7","I feel pressured by my friends to go along with their ideas, even when I don't want to.",18,I feel torn between wanting approval from my friends and wanting to make better choices for myself.
A35BY30TC8WCL4,MI,Emotions,"5, 7",I feel like my friends aren't understanding where I'm coming from.,11,I feel torn between wanting approval from my friends and wanting to make better choices for myself.
A3L3ZFL1NYFTCF,MI,Emotions,"5, 7",I feel pressured by my friends but I am happy that Donna gets along with them.,16,I feel torn between wanting approval from my friends and wanting to make better choices for myself.
A35BY30TC8WCL4,MI,Trust,"9, 0",I view this entire counseling process as something unreliable and pointless.,11,I view the counselor as someone I can trust because they seem understanding and willing to help me get through this process.
A18LFH7XW61JO9,MI,Trust,"9, 0","I view the counseling process as something I have to get through, rather than a helpful experience.",17,I view the counselor as someone I can trust because they seem understanding and willing to help me get through this process.
A353KETOEN0W8T,MI,Trust,"9, 0","I view the counselor as helpful and understanding, just trying to help me get this weed situation taken care of.",20,I view the counselor as someone I can trust because they seem understanding and willing to help me get through this process.
A18LFH7XW61JO9,MI,Desires,"8, 0",I want my wife to stop nagging me about my smoking so I can go back to how things were.,20,I want to stop my wife from nagging by addressing her concerns.
A3O81LHBBI8NPK,MI,Desires,"8, 0",I want to get my wife off my back about smoking.,11,I want to stop my wife from nagging by addressing her concerns.
A35BY30TC8WCL4,MI,Desires,"8, 0",I want to get this session over with and move on with my life.,14,I want to stop my wife from nagging by addressing her concerns.
A353KETOEN0W8T,MI,Belief,"5, 0",I believe these sessions have been really helpful because they give me someone to talk to and keeping me on track.,21,I believe these sessions are really helping me stay on track and make positive changes in my life.
A3L3ZFL1NYFTCF,MI,Belief,"5, 0",I believe that the sessions have really helped me by giving me support and keeping me on track.,18,I believe these sessions are really helping me stay on track and make positive changes in my life.
A35BY30TC8WCL4,MI,Belief,"5, 0",I believe I'm making progress dealing with my problems.,9,I believe these sessions are really helping me stay on track and make positive changes in my life.
A18LFH7XW61JO9,MI,Trust,"8, 1","I view my wife and kids as being against me, rather than as trustworthy sources of concern for my health.",20,I view the counselor as someone I can trust because they listen empathetically and understand my feelings.
A3L3ZFL1NYFTCF,MI,Trust,"8, 1",I view that I do not really trust my wife and kids right now because it feels like they are all against me.,23,I view the counselor as someone I can trust because they listen empathetically and understand my feelings.
A29ZTHY1OB4IC8,MI,Trust,"8, 1","I view my family, especially my partner and kids, as being against me and pressuring me about my smoking rather than supporting me.",23,I view the counselor as someone I can trust because they listen empathetically and understand my feelings.
A3O81LHBBI8NPK,MI,Trust,"4, 0",I view my piercing as a change of appearance that doesn't effect my teeth.,14,"I view the counselor as someone trustworthy and knowledgeable, especially since they have always complimented my teeth and seemed genuinely concerned about my oral health."
A35BY30TC8WCL4,MI,Trust,"4, 0",I view my dentist as a reliable source of information.,10,"I view the counselor as someone trustworthy and knowledgeable, especially since they have always complimented my teeth and seemed genuinely concerned about my oral health."
A18LFH7XW61JO9,MI,Trust,"4, 0",I view my counselor as someone who cares about my well-being and gives honest feedback without judging me.,18,"I view the counselor as someone trustworthy and knowledgeable, especially since they have always complimented my teeth and seemed genuinely concerned about my oral health."
A3L3ZFL1NYFTCF,MI,Desires,"4, 1",I want to keep my teeth healthy and avoid any damage from my oral piercing.,15,I want to avoid damaging my teeth or gums from the piercing.
A18LFH7XW61JO9,MI,Desires,"4, 1",I want to keep my oral piercing but not at the risk of damaging my teeth or gums.,18,I want to avoid damaging my teeth or gums from the piercing.
A35BY30TC8WCL4,MI,Desires,"4, 1",I want to make sure my teeth and oral health in general is good.,14,I want to avoid damaging my teeth or gums from the piercing.
A18LFH7XW61JO9,MI,Intentions,"2, 1",I will continue eating more fruits and vegetables to lose weight.,11,I will explore healthier diet options and try to limit my fruit juice intake to reduce calorie consumption.
A29VL3MZE7YPBZ,MI,Intentions,"2, 1",I will feel better about myself and my health if I lose the weight that I had gained.,18,I will explore healthier diet options and try to limit my fruit juice intake to reduce calorie consumption.
A3L3ZFL1NYFTCF,MI,Intentions,"2, 1",I will drink less juice so I can keep the wight off and stay healthy.,15,I will explore healthier diet options and try to limit my fruit juice intake to reduce calorie consumption.
A18LFH7XW61JO9,MI,Intentions,"8, 4",I will talk to my wife about coming to a future appointment so she can understand the gradual approach to quitting smoking.,22,I will discuss the idea of bringing my wife to the session and see if she agrees.
A3O81LHBBI8NPK,MI,Intentions,"8, 4",I will have my wife come with me to the next appointment to talk more about gradual quitting.,18,I will discuss the idea of bringing my wife to the session and see if she agrees.
A29VL3MZE7YPBZ,MI,Intentions,"8, 4",I will bring my wife to the next meeting so she has a better understanding of the problem.,18,I will discuss the idea of bringing my wife to the session and see if she agrees.
A353KETOEN0W8T,MI,Trust,"6, 1","I view the counselor as really understanding and easy to talk to, which makes it feel safe to share everything that is overwhelming me.",24,I view the counselor as someone I trust because they seem to understand and want to help me manage my asthma.
A3L3ZFL1NYFTCF,MI,Trust,"6, 1",I view the counselor as helpful and understanding and I feel okay starting with them.,15,I view the counselor as someone I trust because they seem to understand and want to help me manage my asthma.
A35BY30TC8WCL4,MI,Trust,"6, 1",I view my counselor as someone who is offering sincere help.,11,I view the counselor as someone I trust because they seem to understand and want to help me manage my asthma.
A18LFH7XW61JO9,MI,Desires,"0, 2",I want to cut back on how much I drink so I don’t feel guilty or worse afterward.,18,I want to reduce my drinking to a healthier level.
A35BY30TC8WCL4,MI,Desires,"0, 2",I want to take care of my drinking before it starts causing big problems.,14,I want to reduce my drinking to a healthier level.
A3O81LHBBI8NPK,MI,Desires,"0, 2",I want to cut back on my drinking because it makes me feel guilty.,14,I want to reduce my drinking to a healthier level.
A29VL3MZE7YPBZ,MI,Knowledge,"1, 0",I know that I only tend to drink alcohol on the weekends.,12,"I know that I drink mostly on weekends and tend to have five or six drinks, sometimes more."
A3L3ZFL1NYFTCF,MI,Knowledge,"1, 0","I know that I drink a lot on weekends, But I do not know if it is too much.",19,"I know that I drink mostly on weekends and tend to have five or six drinks, sometimes more."
A18LFH7XW61JO9,MI,Knowledge,"1, 0","I know the counselor thinks I drink too much, even though they won't say it directly.",16,"I know that I drink mostly on weekends and tend to have five or six drinks, sometimes more."
A29VL3MZE7YPBZ,MI,Desires,"5, 0",I want to keep doing small changes that will help my life improve.,13,I want to continue improving my punctuality and stay on track with my goals.
A3O81LHBBI8NPK,MI,Desires,"5, 0",I want for someone to have my back and support me and to keep me focused.,16,I want to continue improving my punctuality and stay on track with my goals.
A35BY30TC8WCL4,MI,Desires,"5, 0",I want to stick with my sessions and make sure I get the help I need.,16,I want to continue improving my punctuality and stay on track with my goals.
A18LFH7XW61JO9,MI,Intentions,"5, 11",I will try to get my friends to hang out with me and Donna so I can spend time with both of them.,23,I will focus on finding a balance between spending time with my mates and Donna while staying out of trouble.
A35BY30TC8WCL4,MI,Intentions,"5, 11",I will take steps to make sure I stay out of trouble.,12,I will focus on finding a balance between spending time with my mates and Donna while staying out of trouble.
A29VL3MZE7YPBZ,MI,Intentions,"5, 11",I will find a way to spend time with my mates and also with my girlfriend.,16,I will focus on finding a balance between spending time with my mates and Donna while staying out of trouble.
A18LFH7XW61JO9,MI,Intentions,"10, 2",I will listen to the counselor's information about the health risks of smoking and alcohol.,15,I will consider the information and think about cutting back on smoking and drinking.
A3L3ZFL1NYFTCF,MI,Intentions,"10, 2",I will listen to the information and think about how it applies to my health.,15,I will consider the information and think about cutting back on smoking and drinking.
A353KETOEN0W8T,MI,Intentions,"10, 2",I will listen to the infor about smoking and drinking and decide what changes if any I want to make.,20,I will consider the information and think about cutting back on smoking and drinking.
A35BY30TC8WCL4,MI,Trust,"5, 6",I view my counselor as understanding what I'm going through.,10,I view the counselor as someone I can trust because they're listening and seem to understand my conflicts.
A18LFH7XW61JO9,MI,Trust,"5, 6",I view my counselor as someone who understands the conflict I feel between my long-term goals and my impulsive choices.,20,I view the counselor as someone I can trust because they're listening and seem to understand my conflicts.
A3O81LHBBI8NPK,MI,Trust,"5, 6",I view having a drink with friends more laid back then the future that I would have with Donna.,19,I view the counselor as someone I can trust because they're listening and seem to understand my conflicts.
A18LFH7XW61JO9,MI,Intentions,"10, 4",I will try to cut back to three cigarettes in the evenings and come back in four weeks to review my progress.,22,I will make an effort to reduce my cigarette consumption in the evenings from five or six to three to see how that feels and adjust as necessary.
A353KETOEN0W8T,MI,Intentions,"10, 4",I will try to cut back on my evening cigarettes and come back in a few weeks to see how it is going on.,24,I will make an effort to reduce my cigarette consumption in the evenings from five or six to three to see how that feels and adjust as necessary.
A29VL3MZE7YPBZ,MI,Intentions,"10, 4",I will try to cut back on smoking in order to curb my habit.,14,I will make an effort to reduce my cigarette consumption in the evenings from five or six to three to see how that feels and adjust as necessary.
A35BY30TC8WCL4,MI,Emotions,"8, 1",I feel like everyone is against me and nobody is trying to understand me.,14,I feel frustrated because my family's attitude makes me feel cornered and unsupported.
A3O81LHBBI8NPK,MI,Emotions,"8, 1",I feel that my partner is concerned but is causing everyone to go against me over smoking.,17,I feel frustrated because my family's attitude makes me feel cornered and unsupported.
A18LFH7XW61JO9,MI,Emotions,"8, 1",I feel angry and ganged up on by my family because of their concerns about my smoking.,17,I feel frustrated because my family's attitude makes me feel cornered and unsupported.
A35BY30TC8WCL4,MI,Emotions,"0, 2",I feel my drinking habits might be problematic.,8,I feel conflicted because I enjoy drinking but dislike the consequences.
A3L3ZFL1NYFTCF,MI,Emotions,"0, 2",I feel sad because I like drinking but I feel bad when I have too much.,16,I feel conflicted because I enjoy drinking but dislike the consequences.
A3O81LHBBI8NPK,MI,Emotions,"0, 2",I feel guilty after I binge drink.,7,I feel conflicted because I enjoy drinking but dislike the consequences.
A35BY30TC8WCL4,MI,Belief,"9, 0",I believe this session isn't really going to help me and I just want it done with.,17,I believe I'm mostly here to get through this process quickly and move on.
A18LFH7XW61JO9,MI,Belief,"9, 0",I believe having a small amount of weed isn't a big deal and that nobody in California really cares about it.,21,I believe I'm mostly here to get through this process quickly and move on.
A29VL3MZE7YPBZ,MI,Belief,"9, 0","I believe if I get through the next six months of meetings, I will put my issue behind me.",19,I believe I'm mostly here to get through this process quickly and move on.
A18LFH7XW61JO9,MI,Knowledge,"5, 10","I know what a good friend should do, which is support me and not give me a hard time if I don't want to do something.",26,I know I value having friends who support me without judgment.
A353KETOEN0W8T,MI,Knowledge,"5, 10","I know a good mate is someone who supports me, has my back, and does not push me into things I don't want to do.",25,I know I value having friends who support me without judgment.
A29VL3MZE7YPBZ,MI,Knowledge,"5, 10",I know that being a good mate means having someone there to support you.,14,I know I value having friends who support me without judgment.
A18LFH7XW61JO9,MI,Belief,"5, 8",I believe my friends don't make me do things; it's my own choice.,13,I believe I'm unsure about my relationships and how they influence my decisions.
A29VL3MZE7YPBZ,MI,Belief,"5, 8","I believe if I spend more time with my mates, then I will get into more trouble.",17,I believe I'm unsure about my relationships and how they influence my decisions.
A35BY30TC8WCL4,MI,Belief,"5, 8",I believe I need to be more thoughtful about who I hang out with and the actions I take when I'm with them.,23,I believe I'm unsure about my relationships and how they influence my decisions.
A29VL3MZE7YPBZ,MI,Intentions,"10, 3",I will try to cut back on smoking in order to be around for my children.,16,I will try to gradually reduce the amount I smoke each day.
A29ZTHY1OB4IC8,MI,Intentions,"10, 3",I will keep trying to cut back on smoking because I don’t want my health to suffer or for something to happen to me as a mother.,27,I will try to gradually reduce the amount I smoke each day.
A18LFH7XW61JO9,MI,Intentions,"10, 3",I will cut back on smoking because I am concerned about my health and I want to be there for my child.,22,I will try to gradually reduce the amount I smoke each day.
A29VL3MZE7YPBZ,MI,Knowledge,"5, 11","I know that if I spend time with my mates, it will get me into trouble.",16,I know that balancing time with Donna and my friends is a challenge for me right now.
A3L3ZFL1NYFTCF,MI,Knowledge,"5, 11","I know I care about my friends and Donna, but I do not want to get in trouble with them.",20,I know that balancing time with Donna and my friends is a challenge for me right now.
A35BY30TC8WCL4,MI,Knowledge,"5, 11","I know that while I like hanging out with them, my friends are problematic to my life goals.",18,I know that balancing time with Donna and my friends is a challenge for me right now.
A35BY30TC8WCL4,MI,Trust,"0, 3",I view the counselor's advice with some hesitation but am open to it.,13,I view the counselor as someone I trust because they listen to my concerns and have helped me set a realistic goal.
A3O81LHBBI8NPK,MI,Trust,"0, 3",I view drinking wine as my way to relax at home.,11,I view the counselor as someone I trust because they listen to my concerns and have helped me set a realistic goal.
A18LFH7XW61JO9,MI,Trust,"0, 3",I view the counselor as trustworthy because they're helping me set a realistic goal and find other ways to relax besides drinking.,22,I view the counselor as someone I trust because they listen to my concerns and have helped me set a realistic goal.
A353KETOEN0W8T,MI,Trust,"10, 5","I view the counselor as caring, helpful and supporting, but I still feel not totally convinced about the drinking part.",20,"I view the counselor as trustworthy, as they provide helpful information and resources for smoking cessation and address concerns about drinking and stress."
A18LFH7XW61JO9,MI,Trust,"10, 5","I view my counselor as someone who’s trying to help and who I can talk to, even if I’m still unsure about some things.",24,"I view the counselor as trustworthy, as they provide helpful information and resources for smoking cessation and address concerns about drinking and stress."
A3L3ZFL1NYFTCF,MI,Trust,"10, 5",I view the counselor as someone who I can trust and guide me.,13,"I view the counselor as trustworthy, as they provide helpful information and resources for smoking cessation and address concerns about drinking and stress."
A29VL3MZE7YPBZ,MI,Intentions,"0, 2",I will try drink less than I have been drinking in the past.,13,I will explore ways to reduce my drinking and find healthier coping mechanisms.
A35BY30TC8WCL4,MI,Intentions,"0, 2",I will try to reduce how much I drink.,9,I will explore ways to reduce my drinking and find healthier coping mechanisms.
A18LFH7XW61JO9,MI,Intentions,"0, 2",I will try to change my drinking habits because I don't like the amount I drink and it makes me feel worse.,22,I will explore ways to reduce my drinking and find healthier coping mechanisms.
A3L3ZFL1NYFTCF,MI,Belief,"5, 4",I believe keeping Donna helps me stay away from my old habits.,12,I believe I need to focus on finding resources that can help me with the academic challenges.
A353KETOEN0W8T,MI,Belief,"5, 4",I believe keeping busy with school and spending time with Donna really helps me stay out of trouble and not go back to my old habits.,26,I believe I need to focus on finding resources that can help me with the academic challenges.
A18LFH7XW61JO9,MI,Belief,"5, 4",I believe that my old habits and offending get in the way of the new life I'm trying to build.,20,I believe I need to focus on finding resources that can help me with the academic challenges.
A18LFH7XW61JO9,MI,Belief,"3, 1","I believe my wife means well and wants me to stay healthy, even if I don't see a big issue right now.",22,"I believe my wife genuinely cares about my health, but I feel conflicted about changing my eating habits because I perceive them as a way to cope with work stress."
A3O81LHBBI8NPK,MI,Belief,"3, 1",I believe that my wife is concerned about my eating habits.,11,"I believe my wife genuinely cares about my health, but I feel conflicted about changing my eating habits because I perceive them as a way to cope with work stress."
A3L3ZFL1NYFTCF,MI,Belief,"3, 1","I believe my wife cares about me and wants me to stay healthy, even if it feels a bit much sometimes.",21,"I believe my wife genuinely cares about my health, but I feel conflicted about changing my eating habits because I perceive them as a way to cope with work stress."
A3O81LHBBI8NPK,MI,Trust,"5, 10",I view being loyal as someone who will support you no matter what.,13,I view the counselor as someone I trust because they listen and seem to understand what I'm going through.
A29ZTHY1OB4IC8,MI,Trust,"5, 10","I view a really good mate as someone I can trust to have my back, and support me without giving me grief if I choose not to do something.",29,I view the counselor as someone I trust because they listen and seem to understand what I'm going through.
A18LFH7XW61JO9,MI,Trust,"5, 10","I view a good friend as someone who is loyal, stands up for me, and supports my decisions without giving me a hard time.",24,I view the counselor as someone I trust because they listen and seem to understand what I'm going through.
A3O81LHBBI8NPK,MI,Knowledge,"5, 3","I know that in order to have an interview, I need to drop the forms off at the polytech.",19,I know that I have to drop off the forms at the polytech by the end of this week.
A18LFH7XW61JO9,MI,Knowledge,"5, 3","I know that after I turn in the forms for polytech, I might have to do an interview and decide on a course.",23,I know that I have to drop off the forms at the polytech by the end of this week.
A353KETOEN0W8T,MI,Knowledge,"5, 3","I know I need to take my forms to the poly tech, but I am not sure what will happen after that or which course I will do.",28,I know that I have to drop off the forms at the polytech by the end of this week.
A18LFH7XW61JO9,MI,Knowledge,"6, 1",I know that there are a lot of things going on in my life right now and it feels overwhelming.,20,I know that managing asthma feels overwhelming and there's a lot to tackle.
A29VL3MZE7YPBZ,MI,Knowledge,"6, 1",I know that people around me want me to change in various ways.,13,I know that managing asthma feels overwhelming and there's a lot to tackle.
A3L3ZFL1NYFTCF,MI,Knowledge,"6, 1","I know I have a lot going on, and it feels overwhelming.",12,I know that managing asthma feels overwhelming and there's a lot to tackle.
A18LFH7XW61JO9,MI,Trust,"5, 9",I view my counselor as someone who gets the tension I feel between loyalty to my mates and wanting a calmer life with Donna.,24,I view the counselor as someone I can trust because they're really listening to me and trying to understand where I'm coming from.
A35BY30TC8WCL4,MI,Trust,"5, 9",I view Donna as a worthwhile and reliable figure who I should be doing right by.,16,I view the counselor as someone I can trust because they're really listening to me and trying to understand where I'm coming from.
A29VL3MZE7YPBZ,MI,Trust,"5, 9",I view having mates and a girlfriend as a struggle with having to spend time with both.,17,I view the counselor as someone I can trust because they're really listening to me and trying to understand where I'm coming from.
A18LFH7XW61JO9,MI,Emotions,"8, 2",I feel worried that smoking might cause me to lose my wife and family.,14,"I feel conflicted because I really want to quit for my family, but I'm not sure if I can do it."
A353KETOEN0W8T,MI,Emotions,"8, 2",I feel really worried and stuck because I don't want my smoking to ruin my relationship with my wife and family.,21,"I feel conflicted because I really want to quit for my family, but I'm not sure if I can do it."
A3O81LHBBI8NPK,MI,Emotions,"8, 2",I feel that my smoking are pulling apart my family and that it would be too complicated to quit.,19,"I feel conflicted because I really want to quit for my family, but I'm not sure if I can do it."
A29VL3MZE7YPBZ,MI,Knowledge,"0, 2",I know that I need to cut down on the amount of alcohol that I am drinking.,17,I know that my drinking sometimes makes me feel worse afterward.
A353KETOEN0W8T,MI,Knowledge,"0, 2","I know that drinking wine can cheer me up for a little while, but when I have too much, it just makes me feel worse.",25,I know that my drinking sometimes makes me feel worse afterward.
A18LFH7XW61JO9,MI,Knowledge,"0, 2","I know that drinking helps me feel better temporarily, but it can make me feel worse afterward.",17,I know that my drinking sometimes makes me feel worse afterward.
A35BY30TC8WCL4,MI,Trust,"1, 1",I view my counselor's words with a lot of skepticism.,10,"I view the counselor as someone knowledgeable, so yes, I do trust the information they provide, even if I am skeptical at times."
A3L3ZFL1NYFTCF,MI,Trust,"1, 1",I view my drinking as fine because I do not drink too fast and I feel healthy.,17,"I view the counselor as someone knowledgeable, so yes, I do trust the information they provide, even if I am skeptical at times."
A29VL3MZE7YPBZ,MI,Trust,"1, 1",I view drinking five or six beers when I go out as not a big deal.,16,"I view the counselor as someone knowledgeable, so yes, I do trust the information they provide, even if I am skeptical at times."
A29VL3MZE7YPBZ,MI,Desires,"10, 4",I want to cut back the amount of cigarettes I am smoking.,12,I want to successfully cut down on smoking to improve my health and be there for my family.
A18LFH7XW61JO9,MI,Desires,"10, 4","I want to start cutting back on my smoking, especially in the evenings, so I can improve my health and support my family.",23,I want to successfully cut down on smoking to improve my health and be there for my family.
A3L3ZFL1NYFTCF,MI,Desires,"10, 4",I want to smoke less and stick to a plan that works for me.,14,I want to successfully cut down on smoking to improve my health and be there for my family.
A18LFH7XW61JO9,MI,Intentions,"4, 0",I will continue to wear my lip piercing because I like the change it brings and how it makes me stand out.,22,I will research more about how the piercing might affect my oral health.
A3O81LHBBI8NPK,MI,Intentions,"4, 0",I will consider how my piercing effects my teeth and gums.,11,I will research more about how the piercing might affect my oral health.
A353KETOEN0W8T,MI,Intentions,"4, 0","I will keep my lip piercing because I like how it looks and makes me feel different, even I am not completely sure about the impact on my teeth and gums.",31,I will research more about how the piercing might affect my oral health.
A29ZTHY1OB4IC8,MI,Intentions,"7, 1",I will continue drinking on weekends and occasionally after school because I see it as a normal part of student life.,21,I will try to be more mindful about my drinking habits.
A29VL3MZE7YPBZ,MI,Intentions,"7, 1",I will go out with my friends and have a few drinks to cope with the stresses of school.,19,I will try to be more mindful about my drinking habits.
A353KETOEN0W8T,MI,Intentions,"7, 1",I will keep drinking because it feels normally and helps me relax with friends.,14,I will try to be more mindful about my drinking habits.
A18LFH7XW61JO9,MI,Emotions,"3, 1","I feel a bit defensive but also cared for, especially knowing my wife just wants me to be healthy.",19,I feel a bit defensive about my eating habits being questioned.
A35BY30TC8WCL4,MI,Emotions,"3, 1",I feel a little annoyed at my wife for exaggerating how problematic my eating is.,15,I feel a bit defensive about my eating habits being questioned.
A3L3ZFL1NYFTCF,MI,Emotions,"3, 1",I feel fine but a bit worried about my wife and about what she thinks.,15,I feel a bit defensive about my eating habits being questioned.
A29ZTHY1OB4IC8,MI,Emotions,"1, 2",I feel concerned now that I’ve learned about the health risks of drinking.,13,I feel concerned about the health risks I've just learned about.
A35BY30TC8WCL4,MI,Emotions,"1, 2",I feel worried after realizing my drinking might be a real problem.,12,I feel concerned about the health risks I've just learned about.
A18LFH7XW61JO9,MI,Emotions,"1, 2",I feel concerned now that I know about the health risks associated with binge drinking.,15,I feel concerned about the health risks I've just learned about.
A353KETOEN0W8T,MI,Desires,"5, 6","I want to just have fun with my mates in the moment, even if it goes against my bigger goals for success.",22,I want to have a stable job and a life with my family.
A29VL3MZE7YPBZ,MI,Desires,"5, 6",I want to be able to spend time with Donna and also my mates.,14,I want to have a stable job and a life with my family.
A18LFH7XW61JO9,MI,Desires,"5, 6","I want to have fun with my mates in the moment, without thinking about the negative consequences.",17,I want to have a stable job and a life with my family.
A18LFH7XW61JO9,MI,Knowledge,"5, 7",I know my friends will give me a hard time and try to talk me into things if I say no.,21,I know that I struggle to say no to my friends because I'm worried about their opinions of me.
A29ZTHY1OB4IC8,MI,Knowledge,"5, 7","I know that when my friends suggest something, I usually just go along with it because if I say no, they’ll give me a hard time or pressure me into doing it anyway.",33,I know that I struggle to say no to my friends because I'm worried about their opinions of me.
A353KETOEN0W8T,MI,Knowledge,"5, 7","I know that I usually go along with my friends ideas because I don't want to be judged or called a coward, even if it is not really what I want to do.",33,I know that I struggle to say no to my friends because I'm worried about their opinions of me.
A18LFH7XW61JO9,MI,Emotions,"2, 3",I feel hopeful about losing weight because I know what I need to do.,14,I feel hopeful but slightly anxious about making changes to my diet.
A29VL3MZE7YPBZ,MI,Emotions,"2, 3","I feel confident that I can drink less juice, but I am not completely confident.",15,I feel hopeful but slightly anxious about making changes to my diet.
A3O81LHBBI8NPK,MI,Emotions,"2, 3","I feel that if I limit the juice that I take in, then I would feel healthier and better.",19,I feel hopeful but slightly anxious about making changes to my diet.
A35BY30TC8WCL4,MI,Emotions,"1, 1",I feel like my drinking isn't that big a deal.,10,I feel defensive because I don't think I have a problem.
A353KETOEN0W8T,MI,Emotions,"1, 1","I feel a bit defensive, annoyed and frustrated because I don't think my drinking as a problem and I feel healthy",21,I feel defensive because I don't think I have a problem.
A18LFH7XW61JO9,MI,Emotions,"1, 1","I feel defensive and surprised, because I didn’t think my drinking habits were risky or unhealthy.",16,I feel defensive because I don't think I have a problem.
A29VL3MZE7YPBZ,MI,Belief,"0, 2","I believe that when I drink more than I should, I will feel guilty.",14,I believe I need to cut down on how much I drink to avoid feeling guilty and down afterward.
A18LFH7XW61JO9,MI,Belief,"0, 2","I believe that I drink too much, even though I don't get crazy.",13,I believe I need to cut down on how much I drink to avoid feeling guilty and down afterward.
A35BY30TC8WCL4,MI,Belief,"0, 2",I believe I might be overdoing it with the drinking and might have to do something about it.,18,I believe I need to cut down on how much I drink to avoid feeling guilty and down afterward.
A29VL3MZE7YPBZ,MI,Emotions,"5, 10",I feel like I have had mates in the past that didn't care about me or my feelings.,18,I feel supported because we're discussing what makes a good mate and someone who has my back.
A3L3ZFL1NYFTCF,MI,Emotions,"5, 10",I feel like I want friends who would support me without pressuring me.,13,I feel supported because we're discussing what makes a good mate and someone who has my back.
A18LFH7XW61JO9,MI,Emotions,"5, 10",I feel that a true friend should support my choices and not give me a hard time.,17,I feel supported because we're discussing what makes a good mate and someone who has my back.
A18LFH7XW61JO9,MI,Trust,"2, 4",I view the counselor as trustworthy because they're not pushing medication and are supporting my own plan to lose weight through lifestyle changes.,23,"I view the counselor as reliable and supportive, as I feel heard and understood during our discussions about my diet changes."
A29VL3MZE7YPBZ,MI,Trust,"2, 4",I view the plan as something that I can do in order to drink less sugary drinks.,17,"I view the counselor as reliable and supportive, as I feel heard and understood during our discussions about my diet changes."
A353KETOEN0W8T,MI,Trust,"2, 4","I view the counserlor as really supportive and trusting me, which makes me feel confident I can follow through with my plan.",22,"I view the counselor as reliable and supportive, as I feel heard and understood during our discussions about my diet changes."
A3O81LHBBI8NPK,MI,Trust,"7, 3",I view my alcohol use as what makes me not feel productive and a cause of health issues.,18,"I view the counselor as understanding and non-judgmental, which makes me trust them to discuss my concerns."
A18LFH7XW61JO9,MI,Trust,"7, 3",I view the counselor as trustworthy because they're being understanding about my current state and are willing to work with me on a better time to meet.,27,"I view the counselor as understanding and non-judgmental, which makes me trust them to discuss my concerns."
A353KETOEN0W8T,MI,Trust,"7, 3",I view the counselor as someone I can be honest with and rely on to help me figure things out when I am ready.,24,"I view the counselor as understanding and non-judgmental, which makes me trust them to discuss my concerns."
A18LFH7XW61JO9,MI,Trust,"5, 4",I view the counselor's information as a helpful and trustworthy insight.,11,I view the counselor as someone I can trust to support my journey and help me find resources for success.
A35BY30TC8WCL4,MI,Trust,"5, 4",I view Donna as a reliable and stabilizing figure.,9,I view the counselor as someone I can trust to support my journey and help me find resources for success.
A3O81LHBBI8NPK,MI,Trust,"5, 4",I view offending people as something that keeps me entertained and busy.,12,I view the counselor as someone I can trust to support my journey and help me find resources for success.
A18LFH7XW61JO9,MI,Intentions,"2, 4",I will stop drinking fruit juice and switch to sugar-free drinks or water to help with my weight loss.,19,I will substitute fruit juice with sugar-free drinks and water.
A35BY30TC8WCL4,MI,Intentions,"2, 4",I will definitely stop drinking juice and make sure I make my next appointment with that pledge kept. ,18,I will substitute fruit juice with sugar-free drinks and water.
A29VL3MZE7YPBZ,MI,Intentions,"2, 4",I will do my best to decrease the amount of fruit juice I drink in order to lose weight.,19,I will substitute fruit juice with sugar-free drinks and water.
A353KETOEN0W8T,MI,Trust,"6, 3",I view the counserlor as someone I can open up to and trust to help me deal with all the overwhelming stuff in my life.,25,"I view the counselor as someone who understands the overwhelm I'm feeling and is genuinely trying to help me prioritize my concerns, which makes me trust them."
A18LFH7XW61JO9,MI,Trust,"6, 3",I view the counselor as trustworthy because they're helping me sort through my many concerns and focus on the most important issues.,22,"I view the counselor as someone who understands the overwhelm I'm feeling and is genuinely trying to help me prioritize my concerns, which makes me trust them."
A3L3ZFL1NYFTCF,MI,Trust,"6, 3",I view the counselor as someone who I can talk to about my problems.,14,"I view the counselor as someone who understands the overwhelm I'm feeling and is genuinely trying to help me prioritize my concerns, which makes me trust them."
A353KETOEN0W8T,MI,Knowledge,"8, 4",I know I can quit smoking step by step and having my wife's support would help a lot.,18,I know that I can try a gradual approach to quitting smoking instead of going cold turkey.
A35BY30TC8WCL4,MI,Knowledge,"8, 4",I know that stopping smoking is just something I have to do.,12,I know that I can try a gradual approach to quitting smoking instead of going cold turkey.
A18LFH7XW61JO9,MI,Knowledge,"8, 4",I know that quitting smoking doesn’t have to be all or nothing and that a gradual approach might work better for me.,22,I know that I can try a gradual approach to quitting smoking instead of going cold turkey.
A35BY30TC8WCL4,MI,Belief,"0, 1",I believe my drinking is a serious problem.,8,I believe my drinking might be contributing to my feelings of depression.
A29VL3MZE7YPBZ,MI,Belief,"0, 1",I believe that I drink more when I am feeling down.,11,I believe my drinking might be contributing to my feelings of depression.
A3L3ZFL1NYFTCF,MI,Belief,"0, 1",I believe drinking cheers me up at first but then I feel the worst later.,15,I believe my drinking might be contributing to my feelings of depression.
A18LFH7XW61JO9,MI,Belief,"10, 2","I believe my counselor is trying to help, but I’m not totally sure how much this information applies to me right now.",22,"I believe that smoking is harmful and could affect my health negatively, especially since I have a busy lifestyle and responsibilities as a mom and student."
A35BY30TC8WCL4,MI,Belief,"10, 2",I believe my counselor might be a helpful force in my life.,12,"I believe that smoking is harmful and could affect my health negatively, especially since I have a busy lifestyle and responsibilities as a mom and student."
A353KETOEN0W8T,MI,Belief,"10, 2","I believe it is helpful to know the ricks of smoking and drinking, but I get to decide what I do with that info.",24,"I believe that smoking is harmful and could affect my health negatively, especially since I have a busy lifestyle and responsibilities as a mom and student."
A35BY30TC8WCL4,MI,Intentions,"8, 3",I will take steps to address the problem while preserving my marriage.,12,I will work on quitting smoking to improve my relationship.
A18LFH7XW61JO9,MI,Intentions,"8, 3",I will continue trying to accommodate my wife to avoid having a major problem in our marriage.,17,I will work on quitting smoking to improve my relationship.
A3O81LHBBI8NPK,MI,Intentions,"8, 3",I will consider my families' thoughts on smoking even if I don't see it as an issue.,17,I will work on quitting smoking to improve my relationship.
A29VL3MZE7YPBZ,MI,Intentions,"10, 1",I will refuse to talk about my drinking as it has nothing to do with why I came here.,19,I will focus on managing my stress and explore other ways to relax without smoking or drinking.
A3L3ZFL1NYFTCF,MI,Intentions,"10, 1",I will focus on my regular visit and not talk about my drinking.,13,I will focus on managing my stress and explore other ways to relax without smoking or drinking.
A18LFH7XW61JO9,MI,Intentions,"10, 1",I will not talk about my drinking because I'm only here for a regular visit.,15,I will focus on managing my stress and explore other ways to relax without smoking or drinking.
A29ZTHY1OB4IC8,MI,Emotions,"5, 5",I feel conflicted because drinking makes me want to do reckless things,12,I feel grateful for having Donna around to keep me out of trouble.
A35BY30TC8WCL4,MI,Emotions,"5, 5",I feel more assured and secure with Donna's support.,9,I feel grateful for having Donna around to keep me out of trouble.
A18LFH7XW61JO9,MI,Emotions,"5, 5","I feel tempted to do stupid things with my friends, especially when I've been drinking.",15,I feel grateful for having Donna around to keep me out of trouble.
A18LFH7XW61JO9,MI,Trust,"4, 2",I view my counselor as someone I can talk to openly and who respects my process of figuring things out.,20,"I view the counselor as someone who seems to understand my perspective and respects my autonomy, which helps build trust in our sessions."
A3O81LHBBI8NPK,MI,Trust,"4, 2",I view my piercing as a part of the issue with my teeth.,13,"I view the counselor as someone who seems to understand my perspective and respects my autonomy, which helps build trust in our sessions."
A3L3ZFL1NYFTCF,MI,Trust,"4, 2",I view the counselor as someone who I can trust and rely on.,13,"I view the counselor as someone who seems to understand my perspective and respects my autonomy, which helps build trust in our sessions."
A18LFH7XW61JO9,MI,Knowledge,"5, 1",I know that talking to the counselor helped me realize I needed help with the forms.,16,I know that taking steps like going to the polytech and getting the forms is important for my progress and future goals.
A35BY30TC8WCL4,MI,Knowledge,"5, 1",I know that I need help dealing with my problems.,10,I know that taking steps like going to the polytech and getting the forms is important for my progress and future goals.
A3O81LHBBI8NPK,MI,Knowledge,"5, 1",I know that the me six months ago wouldn't have been outgoing enough to get forms from polytech.,18,I know that taking steps like going to the polytech and getting the forms is important for my progress and future goals.
A18LFH7XW61JO9,MI,Knowledge,"6, 0","I know that my life is really stressful right now, and I’ve got a lot of changes being asked of me all at once.",24,I know that managing asthma is important for my health and the doctor's concerns are valid.
A353KETOEN0W8T,MI,Knowledge,"6, 0","I know things are really overwhelming for me right now with my health, my wife and baby, work, and all the changes I am expected to handle.",27,I know that managing asthma is important for my health and the doctor's concerns are valid.
A35BY30TC8WCL4,MI,Knowledge,"6, 0",I know that I'm overwhelmed and stressed and need to get my problems sorted out.,15,I know that managing asthma is important for my health and the doctor's concerns are valid.
A18LFH7XW61JO9,MI,Intentions,"5, 3",I will drop the forms off at the polytech by the end of the week.,15,I will drop the forms off at the polytech by the end of this week.
A29VL3MZE7YPBZ,MI,Intentions,"5, 3",I will deliver the forms to polytech by the end of this week.,13,I will drop the forms off at the polytech by the end of this week.
A3L3ZFL1NYFTCF,MI,Intentions,"5, 3",I will take the forms to the polytech by the end of this week.,14,I will drop the forms off at the polytech by the end of this week.
A353KETOEN0W8T,MI,Intentions,"7, 2","I will keep drinking to deal with stress, even if it is a litte over the safe recommended limit.",19,I will start considering reducing my alcohol intake to align more closely with the guidelines.
A29VL3MZE7YPBZ,MI,Intentions,"7, 2",I will try to limit my drinking as much as possible to go below the 10 drinks per week guideline.,20,I will start considering reducing my alcohol intake to align more closely with the guidelines.
A18LFH7XW61JO9,MI,Intentions,"7, 2",I will continue drinking more than the low-risk guidelines because I don't think they apply to me.,17,I will start considering reducing my alcohol intake to align more closely with the guidelines.
A353KETOEN0W8T,MI,Desires,"10, 3",I want to cut down on smoking and stay healthy for myself and my kids.,15,I want to be healthier and reduce my cancer risk.
A18LFH7XW61JO9,MI,Desires,"10, 3",I want to protect my health and be there for my son.,12,I want to be healthier and reduce my cancer risk.
A29ZTHY1OB4IC8,MI,Desires,"10, 3",I want to cut back on smoking so that I stay healthy and nothing bad happens to me,18,I want to be healthier and reduce my cancer risk.
A18LFH7XW61JO9,MI,Intentions,"2, 3",I will try to decrease the amount of juice I drink to lose weight.,14,I will gradually reduce my juice intake by substituting some servings with water or a healthier alternative.
A35BY30TC8WCL4,MI,Intentions,"2, 3",I will make some effort to decrease my overeating.,9,I will gradually reduce my juice intake by substituting some servings with water or a healthier alternative.
A353KETOEN0W8T,MI,Intentions,"2, 3",I will cut back on juice to lose weight and feel better overall.,13,I will gradually reduce my juice intake by substituting some servings with water or a healthier alternative.
A353KETOEN0W8T,MI,Knowledge,"6, 2","I know my dog has been with me longer than my wife, and I just can't give him up even if the doctor says he is making asthma worse.",29,"I know that I am resistant to the idea of giving up my dog, Oscar, despite the doctor's advice."
A29VL3MZE7YPBZ,MI,Knowledge,"6, 2","I know it will be hard to get rid of my dog, whom I have had for a long time.",20,"I know that I am resistant to the idea of giving up my dog, Oscar, despite the doctor's advice."
A3L3ZFL1NYFTCF,MI,Knowledge,"6, 2","I know my dog has been with me a long time, and I cannot give him up even though he affects my asthma.",23,"I know that I am resistant to the idea of giving up my dog, Oscar, despite the doctor's advice."
A18LFH7XW61JO9,MI,Intentions,"5, 2","I will continue trying my best with reading and writing, even though I'm not confident about it.",17,I will continue to work on my reading and writing skills to gain confidence and improve my life.
A29VL3MZE7YPBZ,MI,Intentions,"5, 2",I will feel more confident if I am better at reading and writing.,13,I will continue to work on my reading and writing skills to gain confidence and improve my life.
A3L3ZFL1NYFTCF,MI,Intentions,"5, 2",I will keep trying to get better at reading and writing.,11,I will continue to work on my reading and writing skills to gain confidence and improve my life.
A35BY30TC8WCL4,MI,Desires,"4, 2",I want to make sure my teeth are taken care of.,11,I want to make sure my piercing doesn’t harm my teeth in the long run.
A18LFH7XW61JO9,MI,Desires,"4, 2",I want to keep my oral piercing but also monitor it to make sure it doesn't cause problems.,18,I want to make sure my piercing doesn’t harm my teeth in the long run.
A29ZTHY1OB4IC8,MI,Desires,"4, 2",I want to keep my piercing while also making sure it doesn’t cause problems for my teeth.,17,I want to make sure my piercing doesn’t harm my teeth in the long run.
A35BY30TC8WCL4,MI,Knowledge,"0, 1",I know that my drinking is a real problem.,9,I know that drinking more than seven drinks per week could lead to serious health problems.
A3O81LHBBI8NPK,MI,Knowledge,"0, 1",I know that drinking causes a lot of problems and it might be making depression worse.,16,I know that drinking more than seven drinks per week could lead to serious health problems.
A29ZTHY1OB4IC8,MI,Knowledge,"0, 1",I know that I didn’t realize seven drinks a week was the limit and that drinking can affect my depression and health in harmful ways.,25,I know that drinking more than seven drinks per week could lead to serious health problems.
A18LFH7XW61JO9,MI,Intentions,"10, 0",I will make sure I don't smoke around my son.,10,I will try to cut back on evening smoking to reduce my overall cigarette intake.
A35BY30TC8WCL4,MI,Intentions,"10, 0",I will take steps to reduce my smoking.,8,I will try to cut back on evening smoking to reduce my overall cigarette intake.
A3O81LHBBI8NPK,MI,Intentions,"10, 0",I will increase my smoking but continue to not smoke in front of my son.,15,I will try to cut back on evening smoking to reduce my overall cigarette intake.
A18LFH7XW61JO9,MI,Emotions,"5, 6",I feel conflicted between having fun in the moment and my long-term goals.,13,"I feel conflicted, because I want a better future but also get caught up in the moment with my friends."
A29ZTHY1OB4IC8,MI,Emotions,"5, 6",I feel torn between wanting a better future for myself and just wanting to have fun at the moment without thinking too much.,23,"I feel conflicted, because I want a better future but also get caught up in the moment with my friends."
A35BY30TC8WCL4,MI,Emotions,"5, 6",I feel worried that my drinking is getting in the way of the better future I want for myself.,19,"I feel conflicted, because I want a better future but also get caught up in the moment with my friends."
A3O81LHBBI8NPK,MI,Belief,"8, 1",I believe that my ex feels better than me because she was able to stop smoking.,16,I believe my family is genuinely concerned about my health and wants me to quit smoking for my own good.
A353KETOEN0W8T,MI,Belief,"8, 1",I believe my wife and kids are all against me and making me change my life just because of my smoking.,21,I believe my family is genuinely concerned about my health and wants me to quit smoking for my own good.
A35BY30TC8WCL4,MI,Belief,"8, 1",I believe the people around me aren't being understanding and respectful with me.,13,I believe my family is genuinely concerned about my health and wants me to quit smoking for my own good.
A29ZTHY1OB4IC8,MI,Emotions,"6, 0",I feel stressed by all the changes and responsibilities piling up in my life.,14,I feel overwhelmed by all the changes I need to make.
A35BY30TC8WCL4,MI,Emotions,"6, 0",I feel stressed and overworked now that I have more responsibilities and fewer outlets.,14,I feel overwhelmed by all the changes I need to make.
A29VL3MZE7YPBZ,MI,Emotions,"6, 0",I feel stress from all the changes that are going on in my life right now.,16,I feel overwhelmed by all the changes I need to make.
A18LFH7XW61JO9,MI,Belief,"5, 11",I believe my friends will take me seriously once they see me going to polytech.,15,I believe having open conversations with my friends about my goals could help them understand I'm serious about change.
A29VL3MZE7YPBZ,MI,Belief,"5, 11",I believe I will get into less trouble if I spend less time with my mates.,16,I believe having open conversations with my friends about my goals could help them understand I'm serious about change.
A3L3ZFL1NYFTCF,MI,Belief,"5, 11",I believe I can spend time with both my friends and Donna if I am serious about my choices.,19,I believe having open conversations with my friends about my goals could help them understand I'm serious about change.
A18LFH7XW61JO9,MI,Trust,"1, 2",I view my counselor as someone who’s informed me about risks I hadn’t considered and made me think more seriously about my drinking.,23,"I view the counselor as someone knowledgeable because they provided information I was unaware of, which makes me trust them."
A3O81LHBBI8NPK,MI,Trust,"1, 2",I view my drinking as a problem after talking to the counselor.,12,"I view the counselor as someone knowledgeable because they provided information I was unaware of, which makes me trust them."
A353KETOEN0W8T,MI,Trust,"1, 2",I view the counselor as someone I can trust to be honest with.,13,"I view the counselor as someone knowledgeable because they provided information I was unaware of, which makes me trust them."
A35BY30TC8WCL4,MI,Trust,"4, 1",I view my counselor as someone whose advice could keep me healthy.,12,"I view the counselor as knowledgeable and genuinely concerned about my oral health, so I definitely trust their guidance."
A18LFH7XW61JO9,MI,Trust,"4, 1",I view my counselor as someone who’s looking out for my health and gives me honest advice without being pushy.,20,"I view the counselor as knowledgeable and genuinely concerned about my oral health, so I definitely trust their guidance."
A353KETOEN0W8T,MI,Trust,"4, 1",I view the counselor as someone I can listen to and trust to give me honest advice.,17,"I view the counselor as knowledgeable and genuinely concerned about my oral health, so I definitely trust their guidance."
A3L3ZFL1NYFTCF,MI,Intentions,"5, 9",I will hang out with my friends without getting into trouble and still spend time with Donna.,17,I will try to spend more time with Donna and balance my friendships.
A18LFH7XW61JO9,MI,Intentions,"5, 9",I will try to find a way to hang out with my mates and Donna so I don't get into trouble and can spend time with everyone.,27,I will try to spend more time with Donna and balance my friendships.
A35BY30TC8WCL4,MI,Intentions,"5, 9",I will try to spend more time with Donna to stay out of trouble.,14,I will try to spend more time with Donna and balance my friendships.
A35BY30TC8WCL4,MI,Emotions,"0, 1",I feel worried and afraid that my drinking might be a real problem.,13,I feel surprised about the information on alcohol limits.
A18LFH7XW61JO9,MI,Emotions,"0, 1","I feel surprised by the drinking guidelines and concerned about the potential health consequences, especially regarding my depression.",18,I feel surprised about the information on alcohol limits.
A29ZTHY1OB4IC8,MI,Emotions,"0, 1","I feel surprised and a bit worried to learn that my drinking is riskier than I thought, especially since I use it to cope when I’m feeling down.",28,I feel surprised about the information on alcohol limits.
A29VL3MZE7YPBZ,MI,Desires,"5, 8",I want to stay out of trouble and do more things that fit with my goals.,16,I want to spend more time with positive influences like Donna.
A35BY30TC8WCL4,MI,Desires,"5, 8",I want to make the changes I need to achieve the goals I've set for myself.,16,I want to spend more time with positive influences like Donna.
A18LFH7XW61JO9,MI,Desires,"5, 8",I want to change what I've always done to align with my future goals and hopes.,16,I want to spend more time with positive influences like Donna.
A18LFH7XW61JO9,MI,Intentions,"5, 5",I will continue to spend time with Donna to keep me from getting into trouble.,15,I will try to stay sober and avoid situations that trigger my urge to reoffend.
A35BY30TC8WCL4,MI,Intentions,"5, 5",I will try to make sure I'm around Donna more and keep her positive influence in my life.,18,I will try to stay sober and avoid situations that trigger my urge to reoffend.
A3O81LHBBI8NPK,MI,Intentions,"5, 5",I will notice how Donna effects the reactions of my friends and how differently it is when we all hang out.,21,I will try to stay sober and avoid situations that trigger my urge to reoffend.
A18LFH7XW61JO9,MI,Intentions,"9, 0",I will cooperate with whatever is necessary to complete the required sessions as quickly as possible.,16,I will focus on understanding what steps I need to take to fulfill the requirements and move past this situation.
A353KETOEN0W8T,MI,Intentions,"9, 0",I will just focus on getting this situation with the weed issue over with and done.,16,I will focus on understanding what steps I need to take to fulfill the requirements and move past this situation.
A3L3ZFL1NYFTCF,MI,Intentions,"9, 0",I will focus to get this done and move on.,10,I will focus on understanding what steps I need to take to fulfill the requirements and move past this situation.
A18LFH7XW61JO9,MI,Intentions,"1, 2",I will think more seriously about how my drinking could affect my health and maybe make some changes.,18,I will consider reducing my alcohol intake to lower the health risks involved.
A29ZTHY1OB4IC8,MI,Intentions,"1, 2",I will think more seriously about my drinking now that I know the health risks involved.,16,I will consider reducing my alcohol intake to lower the health risks involved.
A29VL3MZE7YPBZ,MI,Intentions,"1, 2",I will think about the risks and assess whether I should continue drinking as much anymore.,16,I will consider reducing my alcohol intake to lower the health risks involved.
A18LFH7XW61JO9,MI,Trust,"2, 1",I view my counselor as someone who gives me useful information that I didn’t realize before and helps me see things more clearly.,23,"I view the counselor as someone who is knowledgeable and genuinely invested in my health, which makes me trust them."
A29VL3MZE7YPBZ,MI,Trust,"2, 1",I view myself better when I have lost weight.,9,"I view the counselor as someone who is knowledgeable and genuinely invested in my health, which makes me trust them."
A35BY30TC8WCL4,MI,Trust,"2, 1",I view my counselor as someone I can be open and honest with.,13,"I view the counselor as someone who is knowledgeable and genuinely invested in my health, which makes me trust them."
A3L3ZFL1NYFTCF,MI,Desires,"5, 7","I want to fit in with my friends without causing trouble, but also get along with Donna.",17,I want to find a way to say no to my friends without feeling bad about it.
A18LFH7XW61JO9,MI,Desires,"5, 7","I want to avoid conflict and be accepted by my friends, which is why I go along with their ideas.",20,I want to find a way to say no to my friends without feeling bad about it.
A3O81LHBBI8NPK,MI,Desires,"5, 7",I want to be taken seriously.,6,I want to find a way to say no to my friends without feeling bad about it.
A35BY30TC8WCL4,MI,Emotions,"5, 11",I feel like my relationships are in conflict with one another.,11,I feel torn between spending time with my mates and wanting to be with Donna.
A3O81LHBBI8NPK,MI,Emotions,"5, 11",I feel torn between Donna and my friends and guilty about having to pick one or the other.,18,I feel torn between spending time with my mates and wanting to be with Donna.
A18LFH7XW61JO9,MI,Emotions,"5, 11",I feel torn between spending time with my girlfriend and spending time with my friends.,15,I feel torn between spending time with my mates and wanting to be with Donna.
A18LFH7XW61JO9,MI,Emotions,"9, 0",I feel impatient about the counseling sessions and just want to get them over with.,15,I feel frustrated by the situation and just want to move on.
A29ZTHY1OB4IC8,MI,Emotions,"9, 0","I feel impatient and frustrated, like I just want to get this whole thing over with as quickly as possible.",20,I feel frustrated by the situation and just want to move on.
A35BY30TC8WCL4,MI,Emotions,"9, 0",I feel annoyed that I'm forced to go through this process which I don't feel will be helpful.,18,I feel frustrated by the situation and just want to move on.
A3O81LHBBI8NPK,MI,Emotions,"6, 2",I feel that the doctor is wrong about my dog being the main cause of my asthma.,17,"I feel conflicted and stressed because Oscar has been part of my life for so long, and I'm being told he's a problem for my asthma."
A29VL3MZE7YPBZ,MI,Emotions,"6, 2",I feel sad that I have to get rid of my dog because of my asthma.,16,"I feel conflicted and stressed because Oscar has been part of my life for so long, and I'm being told he's a problem for my asthma."
A18LFH7XW61JO9,MI,Emotions,"6, 2","I feel overwhelmed and upset, especially about being told to give up my dog who means so much to me.",20,"I feel conflicted and stressed because Oscar has been part of my life for so long, and I'm being told he's a problem for my asthma."
A18LFH7XW61JO9,MI,Desires,"5, 5","I want to stay out of trouble and make better choices, especially with Donna around to help keep me grounded.",20,I want to stop drinking so I don't get into trouble.
A3L3ZFL1NYFTCF,MI,Desires,"5, 5",I want to have fun but also stay out of trouble with Donna around.,14,I want to stop drinking so I don't get into trouble.
A29VL3MZE7YPBZ,MI,Desires,"5, 5",I want to be better for Donna.,7,I want to stop drinking so I don't get into trouble.
A3O81LHBBI8NPK,MI,Belief,"0, 3",I believe that if I cut back my drinking then my depression would be worse.,15,I believe cutting back to two drinks a night is a feasible goal for me.
A29VL3MZE7YPBZ,MI,Belief,"0, 3","I believe that if I cut back on my drinking, it will help with my depression.",16,I believe cutting back to two drinks a night is a feasible goal for me.
A3L3ZFL1NYFTCF,MI,Belief,"0, 3",I believe I am ready to drink less because it will help me feel better and I have other ways to relax.,22,I believe cutting back to two drinks a night is a feasible goal for me.
A35BY30TC8WCL4,MI,Trust,"10, 1",I view my counselor's line of questioning with suspicion and distrust.,11,"I view the counselor as supportive and understanding, which makes it easier for me to open up about my habits despite the focus on drinking making me a bit uncomfortable."
A29ZTHY1OB4IC8,MI,Trust,"10, 1",I view the counselor’s questions about my drinking with suspicion because I don’t think that’s why I’m here.,18,"I view the counselor as supportive and understanding, which makes it easier for me to open up about my habits despite the focus on drinking making me a bit uncomfortable."
A18LFH7XW61JO9,MI,Trust,"10, 1",I view the counselor's questions about my drinking habits with suspicion and feel they're overstepping.,15,"I view the counselor as supportive and understanding, which makes it easier for me to open up about my habits despite the focus on drinking making me a bit uncomfortable."
A18LFH7XW61JO9,MI,Emotions,"10, 2",I feel overwhelmed by all the health information the counselor is sharing.,12,I feel overwhelmed by all the information about health risks.
A3L3ZFL1NYFTCF,MI,Emotions,"10, 2","I feel a bit overwhelmed by all the health info, but I am paying attention.",15,I feel overwhelmed by all the information about health risks.
A35BY30TC8WCL4,MI,Emotions,"10, 2",I feel overwhelmed because of how much information my counselor is throwing at me.,14,I feel overwhelmed by all the information about health risks.
A29VL3MZE7YPBZ,MI,Emotions,"6, 3",I feel overwhelmed by several things going on in my life.,11,"I feel overwhelmed by everything happening, especially with my health and personal issues."
A3L3ZFL1NYFTCF,MI,Emotions,"6, 3",[{}],1,"I feel overwhelmed by everything happening, especially with my health and personal issues."
A353KETOEN0W8T,MI,Emotions,"6, 3","I feel really stressed and like it's all too much with my dog, asthma, drinking, smoking and money problem piling up.",21,"I feel overwhelmed by everything happening, especially with my health and personal issues."
A3O81LHBBI8NPK,MI,Intentions,"0, 3",I will cut back on my drinking as a means to relax.,12,I will aim to cut down my drinking to two drinks a night.
A353KETOEN0W8T,MI,Intentions,"0, 3","I will cut back my drinking to two drinks a night and focus on relaxing with movies, books, or a bath instead.",22,I will aim to cut down my drinking to two drinks a night.
A18LFH7XW61JO9,MI,Intentions,"0, 3",I will set a new goal to reduce my drinking to two glasses of wine a night to improve my depression.,21,I will aim to cut down my drinking to two drinks a night.
A353KETOEN0W8T,MI,Trust,"5, 0","I view the counsellor as someone I can really trust, who listens, helps me stay on track, supportive, reliable and makes it easier to deal with things.",27,I view the counselor as someone I can trust because they've been supportive and helpful in our sessions.
A35BY30TC8WCL4,MI,Trust,"5, 0",I view my counselor as a figure who has truly helped me deal with my problems.,16,I view the counselor as someone I can trust because they've been supportive and helpful in our sessions.
A18LFH7XW61JO9,MI,Trust,"5, 0",I view my counselor as someone who’s really helped me stay on track and feel supported these past few weeks.,20,I view the counselor as someone I can trust because they've been supportive and helpful in our sessions.
A353KETOEN0W8T,MI,Trust,"0, 0","I view the counselor as understanding and respectful, which I feel okay being open about my drinking.",17,I view the counselor as someone I can trust because they seem supportive and non-judgmental.
A3O81LHBBI8NPK,MI,Trust,"0, 0",I view relaxing as a time that I need to have a drink.,13,I view the counselor as someone I can trust because they seem supportive and non-judgmental.
A35BY30TC8WCL4,MI,Trust,"0, 0",I view my counselor as someone who is really trying to help me with respect.,15,I view the counselor as someone I can trust because they seem supportive and non-judgmental.
A29VL3MZE7YPBZ,MI,Emotions,"10, 0",I feel like my smoking has increased in the past year.,11,I feel concerned about my smoking habits and how they might affect my health and my son.
A18LFH7XW61JO9,MI,Emotions,"10, 0","I feel cautious about discussing my smoking habits, but willing to answer the counselor's questions.",15,I feel concerned about my smoking habits and how they might affect my health and my son.
A29ZTHY1OB4IC8,MI,Emotions,"10, 0","I feel a little guilty about how much my smoking has increased, especially since I try to protect my son from being around it.",24,I feel concerned about my smoking habits and how they might affect my health and my son.
A29VL3MZE7YPBZ,PFG,Desires,"36, 0",I want to donate money to charities whenever I can.,10,I want to learn more about how my donations can make a difference with Save The Children.
A18LFH7XW61JO9,PFG,Desires,"36, 0",I want to find an easy way to help others.,10,I want to learn more about how my donations can make a difference with Save The Children.
A29ZTHY1OB4IC8,PFG,Desires,"36, 0",I want to learn more about how much people donate to Save the Children so I can better understand the impact of contributions.,23,I want to learn more about how my donations can make a difference with Save The Children.
A3O81LHBBI8NPK,PFG,Knowledge,"47, 0",I know that I am a single mother trying to support my family financially and donating hinders that.,18,I know that I'm a single mother supporting three children and working towards my bachelor's degree.
A18LFH7XW61JO9,PFG,Knowledge,"47, 0",I know that charities and support groups can make a real difference for people who are struggling.,17,I know that I'm a single mother supporting three children and working towards my bachelor's degree.
A29VL3MZE7YPBZ,PFG,Knowledge,"47, 0",I know donating to a charity would be hard for me since I am in a bad position with money right now.,22,I know that I'm a single mother supporting three children and working towards my bachelor's degree.
A29ZTHY1OB4IC8,PFG,Intentions,"53, 1","I will donate today, but I also plan to explore more information about the organization and consider donating again later.",20,I will explore the website and learn more about Save the Children before donating.
A3O81LHBBI8NPK,PFG,Intentions,"53, 1",I will research the charity before making a donation.,9,I will explore the website and learn more about Save the Children before donating.
A18LFH7XW61JO9,PFG,Intentions,"53, 1",I will donate $1 today and explore more about the organization before deciding on future support.,16,I will explore the website and learn more about Save the Children before donating.
A29VL3MZE7YPBZ,PFG,Trust,"48, 0",I view donating to this charity as a good thing.,10,"I view the persuader as knowledgeable and transparent about Save the Children, so I trust them."
A29ZTHY1OB4IC8,PFG,Trust,"48, 0","I view the persuader as a knowledgeable source about the charity, but I still need more information before fully trusting how the donations are used.",25,"I view the persuader as knowledgeable and transparent about Save the Children, so I trust them."
A18LFH7XW61JO9,PFG,Trust,"48, 0","I view this charity as promising, but I need to know exactly how donations are used before I fully trust it.",21,"I view the persuader as knowledgeable and transparent about Save the Children, so I trust them."
A29ZTHY1OB4IC8,PFG,Desires,"46, 1",I want to contribute what I can to support the cause while also looking into other ways I might be able to help.,23,I want to support the charity by donating some of my payment.
A18LFH7XW61JO9,PFG,Desires,"46, 1",I want to help others through small donations and explore more ways to support meaningful causes.,16,I want to support the charity by donating some of my payment.
A3O81LHBBI8NPK,PFG,Desires,"46, 1",I want to make sure that my donation was what others were also doing.,14,I want to support the charity by donating some of my payment.
A35BY30TC8WCL4,PFG,Knowledge,"46, 0",I know that helping less fortunate children is important and worthwhile.,11,I know that Save the Children is an international organization focused on children's rights and support in developing countries.
A29VL3MZE7YPBZ,PFG,Knowledge,"46, 0",I know that I'd be willing to donate after reading the information provided about them.,15,I know that Save the Children is an international organization focused on children's rights and support in developing countries.
A18LFH7XW61JO9,PFG,Knowledge,"46, 0",I know that Save the Children is a charitable organization focused on supporting children's rights and welfare globally.,18,I know that Save the Children is an international organization focused on children's rights and support in developing countries.
A29ZTHY1OB4IC8,PFG,Desires,"59, 3",I want to support an organization like Save the Children that truly uses donations to help kids in need rather than wasting money on overhead or marketing.,27,I want to ensure my donation truly benefits children in need.
A18LFH7XW61JO9,PFG,Desires,"59, 3","I want to support charities that use donations responsibly and make a real impact, especially for vulnerable children.",18,I want to ensure my donation truly benefits children in need.
A35BY30TC8WCL4,PFG,Desires,"59, 3",I want to make sure that any charity I donates to is actually well run.,15,I want to ensure my donation truly benefits children in need.
A29ZTHY1OB4IC8,PFG,Trust,"28, 0",I view Save the Children as somewhat trustworthy since I am willing to donate after learning more about their programs and history.,22,"I view the persuader as reasonably trustworthy based on the information provided, but I would like more details about their financial transparency before fully trusting them."
A29VL3MZE7YPBZ,PFG,Trust,"28, 0",I view the information given to me about the charity as worthwhile and will donate.,15,"I view the persuader as reasonably trustworthy based on the information provided, but I would like more details about their financial transparency before fully trusting them."
A18LFH7XW61JO9,PFG,Trust,"28, 0","I view Save the Children as trustworthy enough to make a small donation, though I still want more clarity on how funds are used.",24,"I view the persuader as reasonably trustworthy based on the information provided, but I would like more details about their financial transparency before fully trusting them."
A29ZTHY1OB4IC8,PFG,Desires,"62, 0",I want the money I donate to stay local and directly help the children in my own community.,18,"I want to ensure that my donations have a local impact, helping children in my community."
A18LFH7XW61JO9,PFG,Desires,"62, 0","I want to focus my support on helping children in my own community, where I feel the need is most immediate and personal.",23,"I want to ensure that my donations have a local impact, helping children in my community."
A29VL3MZE7YPBZ,PFG,Desires,"62, 0",I want to donate locally to help the children in my area and not those in other countries.,18,"I want to ensure that my donations have a local impact, helping children in my community."
A3O81LHBBI8NPK,PFG,Belief,"59, 1",I believe that there are charities that do not actually do the best for the situation they are trying to help.,21,"I believe it's important to trust that my donations make a real difference, so the transparency of Save the Children reassures me."
A29VL3MZE7YPBZ,PFG,Belief,"59, 1",I believe charities should be transparent about where their money goes.,11,"I believe it's important to trust that my donations make a real difference, so the transparency of Save the Children reassures me."
A18LFH7XW61JO9,PFG,Belief,"59, 1",I believe transparency about how donations are used is crucial before I can fully trust and support a charity.,19,"I believe it's important to trust that my donations make a real difference, so the transparency of Save the Children reassures me."
A18LFH7XW61JO9,PFG,Desires,"58, 1","I want to contribute what I can today without being judged, and to be treated with respect and understanding.",19,"I want to ensure that my contribution, no matter how small, is appreciated."
A3O81LHBBI8NPK,PFG,Desires,"58, 1",I want to make sure the other person realizes that they were being rude.,14,"I want to ensure that my contribution, no matter how small, is appreciated."
A29ZTHY1OB4IC8,PFG,Desires,"58, 1","I want to contribute what I can today, even if it’s only 10 cents, and in the future I want to be able to donate more.",26,"I want to ensure that my contribution, no matter how small, is appreciated."
A29ZTHY1OB4IC8,PFG,Emotions,"81, 1","I feel conflicted because I want to support the cause, but I also need to keep enough money for myself.",20,I feel conflicted because I want to help but also need the money.
A29VL3MZE7YPBZ,PFG,Emotions,"81, 1",I feel a financial strain in my own life so I can't donate as much as I would like.,19,I feel conflicted because I want to help but also need the money.
A18LFH7XW61JO9,PFG,Emotions,"81, 1","I feel compassionate and willing to help, but also financially constrained and needing to balance generosity with personal necessity.",19,I feel conflicted because I want to help but also need the money.
A3O81LHBBI8NPK,PFG,Belief,"62, 0",I believe donating locally is more important than donating globally.,10,I believe helping children locally is my priority right now.
A35BY30TC8WCL4,PFG,Belief,"62, 0",I believe being charitable towards local causes is the best way to donate.,13,I believe helping children locally is my priority right now.
A18LFH7XW61JO9,PFG,Belief,"62, 0",I believe my donations should stay local to support children in my own community who need help.,17,I believe helping children locally is my priority right now.
A29VL3MZE7YPBZ,PFG,Emotions,"51, 1",I feel bullied into making a donation when there are children in my neighborhood who need it just as much.,20,I feel defensive because I think the persuader is pressuring me to donate.
A18LFH7XW61JO9,PFG,Emotions,"51, 1","I feel defensive and uncomfortable, as though my personal values and circumstances are being unfairly judged.",16,I feel defensive because I think the persuader is pressuring me to donate.
A3O81LHBBI8NPK,PFG,Emotions,"51, 1",I feel forced into making a choice that isn't right for me.,12,I feel defensive because I think the persuader is pressuring me to donate.
A3O81LHBBI8NPK,PFG,Emotions,"74, 0",I feel that Save the Children helps protect children's rights and worth it to donate.,15,I feel inspired by the conversation and motivated to make a difference in children's lives.
A29VL3MZE7YPBZ,PFG,Emotions,"74, 0",I feel like Save the Children is a worthwhile charity to donate to.,13,I feel inspired by the conversation and motivated to make a difference in children's lives.
A29ZTHY1OB4IC8,PFG,Emotions,"74, 0",I feel inspired and motivated to contribute because protecting children's rights is such an important and meaningful cause.,18,I feel inspired by the conversation and motivated to make a difference in children's lives.
A3O81LHBBI8NPK,PFG,Belief,"71, 0",I believe donating goods over money is more helpful because a few cents won't make much of a difference.,19,"I believe that small donations can make a big difference when combined with others, as shown by the example of everyone in the US donating five cents."
A18LFH7XW61JO9,PFG,Belief,"71, 0",I believe that even small donations can make a meaningful impact when combined with the generosity of others.,18,"I believe that small donations can make a big difference when combined with others, as shown by the example of everyone in the US donating five cents."
A35BY30TC8WCL4,PFG,Belief,"71, 0",I believe that making donations to charities is a worthwhile use of money.,13,"I believe that small donations can make a big difference when combined with others, as shown by the example of everyone in the US donating five cents."
A3O81LHBBI8NPK,PFG,Desires,"59, 0",I want there to be a way for kids to have better living situations no matter where they are.,19,I want to find a way to help children in poverty have better opportunities.
A18LFH7XW61JO9,PFG,Desires,"59, 0",I want kids growing up in poverty to have chances to enjoy life and build better futures.,17,I want to find a way to help children in poverty have better opportunities.
A29VL3MZE7YPBZ,PFG,Desires,"59, 0",I want children all over the world to have access to beaches and other fun things I did as a kid.,21,I want to find a way to help children in poverty have better opportunities.
A3O81LHBBI8NPK,PFG,Desires,"78, 1",I want to make sure that the charity gets as much money as possible.,14,I want to make sure my donation actually goes to help the children.
A29VL3MZE7YPBZ,PFG,Desires,"78, 1",I want to donate to a charity that will give the money to children instead of being greedy for themselves.,20,I want to make sure my donation actually goes to help the children.
A18LFH7XW61JO9,PFG,Desires,"78, 1",I want my donation to actually reach the children and be used effectively to help them.,16,I want to make sure my donation actually goes to help the children.
A29VL3MZE7YPBZ,PFG,Emotions,"66, 0",I feel like I need to find out more about the charity before I donate to it.,17,I feel optimistic and motivated about making a difference.
A18LFH7XW61JO9,PFG,Emotions,"66, 0",I feel more comfortable donating now that I have the information I need.,13,I feel optimistic and motivated about making a difference.
A3O81LHBBI8NPK,PFG,Emotions,"66, 0",I feel that helping children from Syria is important and would be worth donating too.,15,I feel optimistic and motivated about making a difference.
A29VL3MZE7YPBZ,PFG,Knowledge,"42, 1",I know I am willing to help children who are in need and would be willing to donate.,18,I know that my donation will directly help children fleeing violence and conflict as part of SaveTheChildren’s initiatives.
A18LFH7XW61JO9,PFG,Knowledge,"42, 1",I know that donating even a small amount like $1 can make a meaningful impact for children affected by conflict.,20,I know that my donation will directly help children fleeing violence and conflict as part of SaveTheChildren’s initiatives.
A3O81LHBBI8NPK,PFG,Knowledge,"42, 1",I know children shouldn't suffer in any way. ,8,I know that my donation will directly help children fleeing violence and conflict as part of SaveTheChildren’s initiatives.
A29VL3MZE7YPBZ,PFG,Belief,"69, 1",I believe that donating to Save the Children will help those children in developing countries.,15,I believe donating to Save the Children is a meaningful way to make a positive impact on the lives of vulnerable children.
A29ZTHY1OB4IC8,PFG,Belief,"69, 1",I believe it is worthwhile to donate part of my payment to support children in developing countries who face violence and hardship.,22,I believe donating to Save the Children is a meaningful way to make a positive impact on the lives of vulnerable children.
A35BY30TC8WCL4,PFG,Belief,"69, 1",I believe this charity can actually help children and that it's a worthwhile cause.,14,I believe donating to Save the Children is a meaningful way to make a positive impact on the lives of vulnerable children.
A3O81LHBBI8NPK,PFG,Belief,"80, 0",I believe that donating to Save the Children will help with food.,12,I believe donating to Save the Children is worthwhile because they help children globally and are involved in current emergencies.
A29ZTHY1OB4IC8,PFG,Belief,"80, 0","I believe giving money to charity is a good thing because it helps provide food, shelter, and education to children in need around the world.",25,I believe donating to Save the Children is worthwhile because they help children globally and are involved in current emergencies.
A29VL3MZE7YPBZ,PFG,Belief,"80, 0",I believe it would be worthwhile to donate to the charity after hearing about all it does to help others.,20,I believe donating to Save the Children is worthwhile because they help children globally and are involved in current emergencies.
A18LFH7XW61JO9,PFG,Trust,"76, 0",I view this organization as trustworthy enough to donate right away and even share with others.,16,I view the persuader as trustworthy because they shared personal experiences and gave verifiable links to check legitimacy.
A3O81LHBBI8NPK,PFG,Trust,"76, 0",I view Save the Children as a worthwhile charity to donate to.,12,I view the persuader as trustworthy because they shared personal experiences and gave verifiable links to check legitimacy.
A35BY30TC8WCL4,PFG,Trust,"76, 0",I view Save the Children as a reliable organization that's worth donating to.,13,I view the persuader as trustworthy because they shared personal experiences and gave verifiable links to check legitimacy.
A29VL3MZE7YPBZ,PFG,Emotions,"59, 2",I feel uninformed and would like to look into the charity more before donating.,14,"I feel curious about Save the Children and their work, and I'm considering the possibility of donating but want more information first."
A18LFH7XW61JO9,PFG,Emotions,"59, 2",I feel cautiously interested and motivated to learn more before making a donation decision.,14,"I feel curious about Save the Children and their work, and I'm considering the possibility of donating but want more information first."
A3O81LHBBI8NPK,PFG,Emotions,"59, 2",I feel cautious about donating to a charity outright without doing my own research on the charity.,17,"I feel curious about Save the Children and their work, and I'm considering the possibility of donating but want more information first."
A3O81LHBBI8NPK,PFG,Intentions,"63, 0",I will always donate if there is an opportunity to do so.,12,"I will consider donating to SaveTheChildren, as it aligns with my values of helping those in need, especially children."
A29ZTHY1OB4IC8,PFG,Intentions,"63, 0","I will continue donating to charities when I have the chance, even if it’s just small amounts like at the grocery checkout.",22,"I will consider donating to SaveTheChildren, as it aligns with my values of helping those in need, especially children."
A18LFH7XW61JO9,PFG,Intentions,"63, 0",I will donate $2 to the charity and continue supporting causes that help children in need.,16,"I will consider donating to SaveTheChildren, as it aligns with my values of helping those in need, especially children."
A29VL3MZE7YPBZ,PFG,Knowledge,"57, 0",I know that I have an interest in this type of charity and would like to hear more.,18,"I know that Save the Children is an organization focused on children's rights, relief, and support in developing countries."
A3O81LHBBI8NPK,PFG,Knowledge,"57, 0","I know before I commit to donating, I would need more information on the charity.",15,"I know that Save the Children is an organization focused on children's rights, relief, and support in developing countries."
A18LFH7XW61JO9,PFG,Knowledge,"57, 0","I know that Save the Children is a charitable organization focused on helping children in developing countries with health, education, and safety.",22,"I know that Save the Children is an organization focused on children's rights, relief, and support in developing countries."
A29VL3MZE7YPBZ,PFG,Belief,"37, 1",I believe that there are children in the USA that also need help.,13,"I believe that supporting children in both domestic and international contexts is important, but I am unsure which needs are more pressing."
A18LFH7XW61JO9,PFG,Belief,"37, 1",I believe children in the U.S. need just as much help as those in developing countries.,16,"I believe that supporting children in both domestic and international contexts is important, but I am unsure which needs are more pressing."
A35BY30TC8WCL4,PFG,Belief,"37, 1",I believe I have a greater responsibility to help kids in my country than those in other countries.,18,"I believe that supporting children in both domestic and international contexts is important, but I am unsure which needs are more pressing."
A18LFH7XW61JO9,PFG,Desires,"48, 0",I want to ensure that my donation directly benefits children and is used efficiently by the charity.,17,I want to know how much of my donation goes directly to helping children.
A29ZTHY1OB4IC8,PFG,Desires,"48, 0","I want to make sure that if I donate money to Save the Children, most of it will directly benefit the children in need.",24,I want to know how much of my donation goes directly to helping children.
A3O81LHBBI8NPK,PFG,Desires,"48, 0",I want to be clear on what Save the Children does before donating money.,14,I want to know how much of my donation goes directly to helping children.
A3O81LHBBI8NPK,PFG,Belief,"38, 0",I believe that donating even one penny won't be worth it for me.,13,"I believe that donating just one cent might not make a significant impact, especially given my current financial constraints."
A29ZTHY1OB4IC8,PFG,Belief,"38, 0","I believe donating just one cent is not worthwhile, even though I could afford it.",15,"I believe that donating just one cent might not make a significant impact, especially given my current financial constraints."
A18LFH7XW61JO9,PFG,Belief,"38, 0",I believe that extremely small donations are not worthwhile and may not lead to meaningful impact.,16,"I believe that donating just one cent might not make a significant impact, especially given my current financial constraints."
A29ZTHY1OB4IC8,PFG,Desires,"74, 1","I want my donations to truly reach the children in need and make a meaningful difference, even if the amount I can give is small.",25,I want to contribute my task earnings to make a difference for children in need.
A3O81LHBBI8NPK,PFG,Desires,"74, 1",I want make sure that money that I donate goes to helping people.,13,I want to contribute my task earnings to make a difference for children in need.
A18LFH7XW61JO9,PFG,Desires,"74, 1",I want my entire task payment to go toward helping children in need and making a meaningful impact.,18,I want to contribute my task earnings to make a difference for children in need.
A29VL3MZE7YPBZ,PFG,Desires,"39, 0",I want to donate in order to help the children out.,11,I want to help children in need by donating more.
A29ZTHY1OB4IC8,PFG,Desires,"39, 0",I want to donate to Save the Children so that my contribution can help improve the lives and well-being of children in need.,23,I want to help children in need by donating more.
A3O81LHBBI8NPK,PFG,Desires,"39, 0",I want to donate but  not feel pressured to give more.,11,I want to help children in need by donating more.
A18LFH7XW61JO9,PFG,Intentions,"80, 0",I will donate one dollar a day to support Save the Children and help those in need around the world.,20,I will donate at the end of the survey.
A29ZTHY1OB4IC8,PFG,Intentions,"80, 0",I will donate about one dollar a day to Save the Children at the end of the survey.,18,I will donate at the end of the survey.
A29VL3MZE7YPBZ,PFG,Intentions,"80, 0",I will give to the organization after hearing about how much they help out.,14,I will donate at the end of the survey.
A29VL3MZE7YPBZ,PFG,Emotions,"78, 1",I feel horrible when I think about how much children in need suffer.,13,"I feel somewhat pressured and unsure about committing too much financially, but I'm also empathetic towards the cause."
A3O81LHBBI8NPK,PFG,Emotions,"78, 1",I feel that donating 50 cents is good to donate when I am not sure how much money the charity gets.,21,"I feel somewhat pressured and unsure about committing too much financially, but I'm also empathetic towards the cause."
A35BY30TC8WCL4,PFG,Emotions,"78, 1",I feel hopeful that this charity will actually be a good one.,12,"I feel somewhat pressured and unsure about committing too much financially, but I'm also empathetic towards the cause."
A29VL3MZE7YPBZ,PFG,Desires,"44, 0",I want to know more about Save the Children.,9,I want to understand more about what Save the Children does specifically in inner cities because it relates to my background.
A3O81LHBBI8NPK,PFG,Desires,"44, 0",I want to learn more about Save the Children.,9,I want to understand more about what Save the Children does specifically in inner cities because it relates to my background.
A29ZTHY1OB4IC8,PFG,Desires,"44, 0",I want to support charitable causes by running annual events and helping people in need.,15,I want to understand more about what Save the Children does specifically in inner cities because it relates to my background.
A29VL3MZE7YPBZ,PFG,Emotions,"33, 2",I feel good about donating to charities whenever a requester asks me to.,13,I feel inspired by the idea of making a difference through donation.
A29ZTHY1OB4IC8,PFG,Emotions,"33, 2",I feel positive and motivated knowing that even my small contribution can make a meaningful difference for children in need.,20,I feel inspired by the idea of making a difference through donation.
A18LFH7XW61JO9,PFG,Emotions,"33, 2",I feel generous and hopeful that even a small donation can make a meaningful impact.,15,I feel inspired by the idea of making a difference through donation.
A29ZTHY1OB4IC8,PFG,Desires,"29, 1",I want to contribute a small donation to help children through this trustworthy organization.,14,I want to ensure my donation makes a real impact by choosing an organization with a high percentage of funds going to the cause.
A18LFH7XW61JO9,PFG,Desires,"29, 1",I want to contribute what I can to support children in need and learn about trustworthy organizations doing meaningful work.,20,I want to ensure my donation makes a real impact by choosing an organization with a high percentage of funds going to the cause.
A29VL3MZE7YPBZ,PFG,Desires,"29, 1",I want to donate to the organization since so much of their funds go directly to the cause.,18,I want to ensure my donation makes a real impact by choosing an organization with a high percentage of funds going to the cause.
A29VL3MZE7YPBZ,PFG,Trust,"72, 0",I view helping out charities as a good thing.,9,I view the persuader as trustworthy because they seem genuine in their passion for helping children through Save the Children.
A18LFH7XW61JO9,PFG,Trust,"72, 0",I view Save the Children as a compassionate and trustworthy organization worthy of support and collaboration.,16,I view the persuader as trustworthy because they seem genuine in their passion for helping children through Save the Children.
A3O81LHBBI8NPK,PFG,Trust,"72, 0",I view donating as helpful to those in need.,9,I view the persuader as trustworthy because they seem genuine in their passion for helping children through Save the Children.
A29VL3MZE7YPBZ,PFG,Trust,"44, 1",I view 86% of the money a charity gets being put towards the actual subject matter as wonderful.,18,"I view the persuader as trustworthy because they provided consistent and detailed information about the charity, and I feel confident in their recommendation."
A3O81LHBBI8NPK,PFG,Trust,"44, 1",I view Save the Children as a good organization that has reliable information.,13,"I view the persuader as trustworthy because they provided consistent and detailed information about the charity, and I feel confident in their recommendation."
A18LFH7XW61JO9,PFG,Trust,"44, 1",I view Save the Children as a trustworthy and effective charity that puts most of its money toward helping others.,20,"I view the persuader as trustworthy because they provided consistent and detailed information about the charity, and I feel confident in their recommendation."
A29ZTHY1OB4IC8,PFG,Knowledge,"29, 1","I know that 86% of the funds donated to Save the Children go directly to the cause, which makes it a trustworthy organization.",23,"I know that 86% of the funds go directly to the cause, which is remarkable for an international charity."
A18LFH7XW61JO9,PFG,Knowledge,"29, 1",I know that Save the Children is a trustworthy organization that allocates 86% of its funds directly to helping children in need.,22,"I know that 86% of the funds go directly to the cause, which is remarkable for an international charity."
A29VL3MZE7YPBZ,PFG,Knowledge,"29, 1",I know that 86% of funds going to the cause is a good number considering how much it takes to run the charity.,23,"I know that 86% of the funds go directly to the cause, which is remarkable for an international charity."
A18LFH7XW61JO9,PFG,Trust,"42, 0",I view Save the Children as a credible and transparent organization that addresses urgent global issues affecting children.,18,"I view the persuader as generally trustworthy, especially since they provided specific information about how the charity's funds are allocated, which supports their credibility."
A35BY30TC8WCL4,PFG,Trust,"42, 0",I view the trustworthiness of the persuader and the charity they're talking about with an open mind.,17,"I view the persuader as generally trustworthy, especially since they provided specific information about how the charity's funds are allocated, which supports their credibility."
A29VL3MZE7YPBZ,PFG,Trust,"42, 0",I view the charity as a trustworthy one based on how much goes to the children.,16,"I view the persuader as generally trustworthy, especially since they provided specific information about how the charity's funds are allocated, which supports their credibility."
A3O81LHBBI8NPK,PFG,Knowledge,"44, 1",I know that having more information about a charity helps me feel more confident in donating to it.,18,I know that SaveTheChildren is a legitimate charity and a 501c3 organization that uses 86% of its funds to help those in need.
A18LFH7XW61JO9,PFG,Knowledge,"44, 1",I know that Save the Children is a reputable 501 organization where 86% of donations go directly to helping those in need.,22,I know that SaveTheChildren is a legitimate charity and a 501c3 organization that uses 86% of its funds to help those in need.
A35BY30TC8WCL4,PFG,Knowledge,"44, 1",I know that making a donation would be worth it.,10,I know that SaveTheChildren is a legitimate charity and a 501c3 organization that uses 86% of its funds to help those in need.
A18LFH7XW61JO9,PFG,Intentions,"39, 1",I will donate $1.25 to help support children in need through this charity.,13,I will proceed with the donation as I have already agreed to it and feel good about contributing.
A3O81LHBBI8NPK,PFG,Intentions,"39, 1",I will donate because the research team will donate directly to the charity.,13,I will proceed with the donation as I have already agreed to it and feel good about contributing.
A29ZTHY1OB4IC8,PFG,Intentions,"39, 1",I will go ahead with the $1.25 donation and feel good about contributing to help children in need.,18,I will proceed with the donation as I have already agreed to it and feel good about contributing.
A29VL3MZE7YPBZ,PFG,Belief,"51, 0",I believe helping children in my own neighborhood is a better cause to donate to.,15,I believe that focusing on local issues is a priority for me because I feel a stronger connection to my community and its needs.
A3O81LHBBI8NPK,PFG,Belief,"51, 0",I believe that the US has a duty to protect its own people over those people globally.,17,I believe that focusing on local issues is a priority for me because I feel a stronger connection to my community and its needs.
A35BY30TC8WCL4,PFG,Belief,"51, 0",I believe taking care of my own community is more important than taking care of foreigners.,16,I believe that focusing on local issues is a priority for me because I feel a stronger connection to my community and its needs.
A29VL3MZE7YPBZ,PFG,Knowledge,"68, 1",I know looking into charities is a good way to find out what they are all about.,17,"I know that Save the Children helped 155 million children in 120 countries in 2017 and 237,000 US children."
A18LFH7XW61JO9,PFG,Knowledge,"68, 1",I know that understanding a charity’s efficiency and impact is important before deciding to support it.,16,"I know that Save the Children helped 155 million children in 120 countries in 2017 and 237,000 US children."
A3O81LHBBI8NPK,PFG,Knowledge,"68, 1",I know that checking to see how efficient charities are helps me know if donating is worth it.,18,"I know that Save the Children helped 155 million children in 120 countries in 2017 and 237,000 US children."
A29VL3MZE7YPBZ,PFG,Belief,"59, 3",I believe that a lot of charities have sketchy business practices.,11,I believe that Save the Children is a trustworthy organization based on the information shared about their high percentage of donations going directly to aid efforts.
A18LFH7XW61JO9,PFG,Belief,"59, 3","I believe many charities start with good intentions but end up misusing funds, so it's important to dig into how donations are actually spent.",24,I believe that Save the Children is a trustworthy organization based on the information shared about their high percentage of donations going directly to aid efforts.
A3O81LHBBI8NPK,PFG,Belief,"59, 3",I believe that charities are mostly misusing donations.,8,I believe that Save the Children is a trustworthy organization based on the information shared about their high percentage of donations going directly to aid efforts.
A29VL3MZE7YPBZ,PFG,Intentions,"57, 1","I will help out, even if it's just a small amount.",11,I will donate 20 cents to Save the Children as discussed.
A18LFH7XW61JO9,PFG,Intentions,"57, 1",I will donate 20 cents to Save the Children through this task.,12,I will donate 20 cents to Save the Children as discussed.
A29ZTHY1OB4IC8,PFG,Intentions,"57, 1","I will donate 20 cents this time, hoping that even this small amount can help children and their families.",19,I will donate 20 cents to Save the Children as discussed.
A29VL3MZE7YPBZ,PFG,Knowledge,"77, 0","I know that when I donate, it's only a few dollars at a time.",14,I know that Save the Children is a well-known charity that supports children in need around the world.
A29ZTHY1OB4IC8,PFG,Knowledge,"77, 0","I know that Save the Children is a well-known charity that gives money to children and supports efforts in war-torn countries, healthcare, and similar causes.",25,I know that Save the Children is a well-known charity that supports children in need around the world.
A18LFH7XW61JO9,PFG,Knowledge,"77, 0","I know that Save the Children provides financial support, healthcare, and aid to children in war-torn regions and other vulnerable areas.",21,I know that Save the Children is a well-known charity that supports children in need around the world.
A29ZTHY1OB4IC8,PFG,Belief,"53, 1",I believe that charities that are transparent with their financial reports and have support from reputable companies are trustworthy and worth donating to.,23,I believe SaveTheChildren is a trustworthy organization as they allocate a high percentage of donations directly to aid children.
A18LFH7XW61JO9,PFG,Belief,"53, 1","I believe that Save the Children is a transparent and impactful organization, especially with support from reputable companies like IKEA and Disney.",22,I believe SaveTheChildren is a trustworthy organization as they allocate a high percentage of donations directly to aid children.
A29VL3MZE7YPBZ,PFG,Belief,"53, 1",I believe the charity being so clear with their financial reports makes me feel good about them.,17,I believe SaveTheChildren is a trustworthy organization as they allocate a high percentage of donations directly to aid children.
A29ZTHY1OB4IC8,PFG,Knowledge,"33, 3","I know that I don’t actively search for places to give, but instead get involved with organizations through people I know and my church.",24,I know that I give to organizations I am personally connected with or those suggested by my community.
A29VL3MZE7YPBZ,PFG,Knowledge,"33, 3",I know helping out charities through church and in other ways is needed.,13,I know that I give to organizations I am personally connected with or those suggested by my community.
A18LFH7XW61JO9,PFG,Knowledge,"33, 3","I know the organizations I donate to personally and deeply, often through direct involvement or trusted community connections.",18,I know that I give to organizations I am personally connected with or those suggested by my community.
A3O81LHBBI8NPK,PFG,Knowledge,"31, 0",I know that right now I am not in a position to be able to help Save The Children.,19,I know that Save the Children is an international organization focused on children’s rights and well-being.
A29VL3MZE7YPBZ,PFG,Knowledge,"31, 0","I know that I can't donate right now, but I will in the future.",14,I know that Save the Children is an international organization focused on children’s rights and well-being.
A29ZTHY1OB4IC8,PFG,Knowledge,"31, 0","I know that Save the Children is an international non-governmental organization that promotes children's rights, provides relief, and supports children in developing countries.",23,I know that Save the Children is an international organization focused on children’s rights and well-being.
A29VL3MZE7YPBZ,PFG,Intentions,"75, 1",I will help donate now and consider donating more later after doing research on them.,15,I will donate $1.50 of my survey compensation to Save the Children.
A3O81LHBBI8NPK,PFG,Intentions,"75, 1",I will be doing more research on Save the Children to further support them.,14,I will donate $1.50 of my survey compensation to Save the Children.
A18LFH7XW61JO9,PFG,Intentions,"75, 1",I will donate $1.50 from my survey earnings to Save the Children and look into supporting them further.,18,I will donate $1.50 of my survey compensation to Save the Children.
A29VL3MZE7YPBZ,PFG,Emotions,"75, 1",I feel like helping the children out and looking further into the organization to donate more later.,17,I feel motivated to contribute to a good cause after our conversation.
A35BY30TC8WCL4,PFG,Emotions,"75, 1",I feelI feel proud of myself for donating.,8,I feel motivated to contribute to a good cause after our conversation.
A3O81LHBBI8NPK,PFG,Emotions,"75, 1",I feel it is my duty to help those in need.,11,I feel motivated to contribute to a good cause after our conversation.
A18LFH7XW61JO9,PFG,Desires,"59, 1",I want to make sure my donation will directly help children.,11,I want to ensure my donation really helps children in need.
A29ZTHY1OB4IC8,PFG,Desires,"59, 1",I want to learn more about who runs Save the Children and ensure that donations are used transparently.,18,I want to ensure my donation really helps children in need.
A29VL3MZE7YPBZ,PFG,Desires,"59, 1",I want to find out more about the organization and make sure it is trustworthy.,15,I want to ensure my donation really helps children in need.
A29VL3MZE7YPBZ,PFG,Knowledge,"59, 1",I know I would rather research a charity before donating to it.,12,"I know that Save the Children is a nonprofit organization focused on children's rights worldwide and is highly regarded, like being on Forbes list for top charities."
A29ZTHY1OB4IC8,PFG,Knowledge,"59, 1","I know that Save the Children is an international organization that promotes children's rights, provides relief, and helps support children in developing countries.",23,"I know that Save the Children is a nonprofit organization focused on children's rights worldwide and is highly regarded, like being on Forbes list for top charities."
A3O81LHBBI8NPK,PFG,Knowledge,"59, 1",I know that I want to know where money is going before I donate to any charity.,17,"I know that Save the Children is a nonprofit organization focused on children's rights worldwide and is highly regarded, like being on Forbes list for top charities."
A18LFH7XW61JO9,PFG,Emotions,"42, 1",I feel hopeful and glad to be doing something that helps kids in tough situations.,15,I feel empathetic and moved by the plight of these children and want to contribute.
A3O81LHBBI8NPK,PFG,Emotions,"42, 1",I feel that children shouldn't suffer and donating would help.,10,I feel empathetic and moved by the plight of these children and want to contribute.
A29ZTHY1OB4IC8,PFG,Emotions,"42, 1","I feel compassionate toward the children’s suffering and satisfied that I can contribute, even in a small way, to help them.",21,I feel empathetic and moved by the plight of these children and want to contribute.
A3O81LHBBI8NPK,PFG,Desires,"37, 1",I want to care for the children that need help in the USA more than children in other regions.,19,"I want to ensure that my donation makes the most impactful difference, whether that's domestically or internationally."
A18LFH7XW61JO9,PFG,Desires,"37, 1",I want children in the U.S. to get the help they need just as much as kids in other countries.,20,"I want to ensure that my donation makes the most impactful difference, whether that's domestically or internationally."
A29VL3MZE7YPBZ,PFG,Desires,"37, 1",I want to help children that are around me in the US more than children in other countries.,18,"I want to ensure that my donation makes the most impactful difference, whether that's domestically or internationally."
A18LFH7XW61JO9,PFG,Emotions,"62, 0",I feel concerned about the well-being of children in my own community and prefer to focus my support locally.,19,"I feel conflicted because I want to help children, but I have strong feelings about focusing on local needs."
A35BY30TC8WCL4,PFG,Emotions,"62, 0",I feel bored and disinterested with the survey and this whole process.,12,"I feel conflicted because I want to help children, but I have strong feelings about focusing on local needs."
A29ZTHY1OB4IC8,PFG,Emotions,"62, 0",I feel concerned about children in my own community and want my contributions to stay local where I believe the need is immediate.,23,"I feel conflicted because I want to help children, but I have strong feelings about focusing on local needs."
A29VL3MZE7YPBZ,PFG,Intentions,"62, 0","I will only donate to children in my area, I prefer to help out locally instead of globally.",18,I will consider learning more about how my donations could impact both local and international communities.
A18LFH7XW61JO9,PFG,Intentions,"62, 0",I will prioritize donating locally to support children in my own community rather than abroad.,15,I will consider learning more about how my donations could impact both local and international communities.
A29ZTHY1OB4IC8,PFG,Intentions,"62, 0",I will donate locally to help the kids in my own town.,12,I will consider learning more about how my donations could impact both local and international communities.
A29ZTHY1OB4IC8,PFG,Emotions,"67, 2",I feel content and at peace knowing I contributed what I could while also taking care of my own needs.,20,"I feel proud for contributing, even though it was a small amount."
A3O81LHBBI8NPK,PFG,Emotions,"67, 2",I feel pushed to donate more by the other person.,10,"I feel proud for contributing, even though it was a small amount."
A18LFH7XW61JO9,PFG,Emotions,"67, 2",I feel generous within my means and content knowing I’ve contributed what I can.,14,"I feel proud for contributing, even though it was a small amount."
A29ZTHY1OB4IC8,PFG,Knowledge,"58, 1","I know that I can only give what I am able to today, which is 10 cents, even though I would love to do more.",25,I know that I have donated 10 cents to SaveTheChildren and expressed my willingness to contribute what I can for now.
A18LFH7XW61JO9,PFG,Knowledge,"58, 1","I know that every small act of giving matters, but assumptions about someone’s situation can be harmful and unfair.",19,I know that I have donated 10 cents to SaveTheChildren and expressed my willingness to contribute what I can for now.
A29VL3MZE7YPBZ,PFG,Knowledge,"58, 1",I know I should be treated with respect even if I donated such a small amount.,16,I know that I have donated 10 cents to SaveTheChildren and expressed my willingness to contribute what I can for now.
A29VL3MZE7YPBZ,PFG,Desires,"39, 1",I want to feel like I am doing my part to help children in need.,15,I want to help children in need by donating to SaveTheChildren.
A3O81LHBBI8NPK,PFG,Desires,"39, 1",I want to donate $1.25 to Save The Children. ,9,I want to help children in need by donating to SaveTheChildren.
A18LFH7XW61JO9,PFG,Desires,"39, 1",I want to make a meaningful contribution that helps children in need and supports a cause I believe in.,19,I want to help children in need by donating to SaveTheChildren.
A3O81LHBBI8NPK,PFG,Desires,"33, 0",I want to make sure that a charity is trustworthy before I donate to them.,15,I want to learn more about Save the Children and how they specifically use donations.
A29VL3MZE7YPBZ,PFG,Desires,"33, 0",I want to know more about their experience in Greece.,10,I want to learn more about Save the Children and how they specifically use donations.
A18LFH7XW61JO9,PFG,Desires,"33, 0","I want to support trustworthy charities that make a direct impact, especially through personal connections and child sponsorship.",18,I want to learn more about Save the Children and how they specifically use donations.
A3O81LHBBI8NPK,PFG,Belief,"81, 0",I believe it is important to know where exactly the money is going.,13,I believe that the organization is doing meaningful work by helping children in need with a high percentage of donations going directly to program services.
A18LFH7XW61JO9,PFG,Belief,"81, 0",I believe small donations can add up to make a real impact if the organization uses funds efficiently.,18,I believe that the organization is doing meaningful work by helping children in need with a high percentage of donations going directly to program services.
A29VL3MZE7YPBZ,PFG,Belief,"81, 0",I believe the money the charity uses to help their cause is a good percentage.,15,I believe that the organization is doing meaningful work by helping children in need with a high percentage of donations going directly to program services.
A29ZTHY1OB4IC8,PFG,Emotions,"45, 0",I feel hopeful that this donation opportunity is genuine and not just part of a test.,16,I feel interested and willing to consider donating.
A3O81LHBBI8NPK,PFG,Emotions,"45, 0",I feel that keeping the conversation going is important.,9,I feel interested and willing to consider donating.
A29VL3MZE7YPBZ,PFG,Emotions,"45, 0",I feel like the cause is good enough to donate to and am willing to donate to it.,18,I feel interested and willing to consider donating.
A29ZTHY1OB4IC8,PFG,Trust,"33, 1","I view the persuader’s experiences as genuine and impactful, showing that they truly understand the seriousness of the situation and the importance of the work being done.",27,"I view the persuader as trustworthy because they have firsthand experience and are sharing compelling, firsthand stories about the situation in the camps."
A18LFH7XW61JO9,PFG,Trust,"33, 1",I view Save the Children as a courageous and impactful organization that makes a real difference in crisis zones.,19,"I view the persuader as trustworthy because they have firsthand experience and are sharing compelling, firsthand stories about the situation in the camps."
A35BY30TC8WCL4,PFG,Trust,"33, 1","I view the persuader to be someone who tells me the truth, even when it sounds crazy.",17,"I view the persuader as trustworthy because they have firsthand experience and are sharing compelling, firsthand stories about the situation in the camps."
A3O81LHBBI8NPK,PFG,Desires,"69, 0",I want to be able to help others in any way that I can.,14,I want to learn more about Save the Children and how my donation would make an impact.
A29VL3MZE7YPBZ,PFG,Desires,"69, 0",I want to help out as much as possible through donations and volunteering.,13,I want to learn more about Save the Children and how my donation would make an impact.
A18LFH7XW61JO9,PFG,Desires,"69, 0",I want to continue supporting meaningful causes through regular donations and volunteer work that make a difference in my community and beyond.,22,I want to learn more about Save the Children and how my donation would make an impact.
A18LFH7XW61JO9,PFG,Belief,"59, 2",I believe that it's important to thoroughly research a charity’s mission and financial transparency before making a donation.,18,I believe reviewing Save the Children's comprehensive documentation will help me make an informed decision about donating.
A29ZTHY1OB4IC8,PFG,Belief,"59, 2",I believe it is important to review all documentation and verify information before deciding to donate to an organization.,19,I believe reviewing Save the Children's comprehensive documentation will help me make an informed decision about donating.
A3O81LHBBI8NPK,PFG,Belief,"59, 2",I believe it is important to research before you donate.,10,I believe reviewing Save the Children's comprehensive documentation will help me make an informed decision about donating.
A29ZTHY1OB4IC8,PFG,Intentions,"33, 2",I will donate 30 cents from my payment to support the charity.,12,I will consider donating a bit more than 30 cents to Make a meaningful impact.
A18LFH7XW61JO9,PFG,Intentions,"33, 2",I will donate 30 cents from my earnings to Save the Children.,12,I will consider donating a bit more than 30 cents to Make a meaningful impact.
A29VL3MZE7YPBZ,PFG,Intentions,"33, 2",I will agree to donate a portion to help out those less fortunate than me.,15,I will consider donating a bit more than 30 cents to Make a meaningful impact.
A18LFH7XW61JO9,PFG,Desires,"27, 0",I want to donate an amount that feels right for me.,11,I want to learn more about Save the Children and how my donation helps.
A3O81LHBBI8NPK,PFG,Desires,"27, 0",I want to ensure that donating will help kids in need by looking over the website.,16,I want to learn more about Save the Children and how my donation helps.
A35BY30TC8WCL4,PFG,Desires,"27, 0",I want to make sure I'm doing my part in helping kids thrive.,13,I want to learn more about Save the Children and how my donation helps.
A18LFH7XW61JO9,PFG,Trust,"57, 1",I view Save the Children as a trustworthy organization that uses donations to genuinely help those in need.,18,"I view the persuader as trustworthy because they seemed sincere and empathetic, and they shared details about the cause and the organization."
A3O81LHBBI8NPK,PFG,Trust,"57, 1", I view caring for others is admirable.,7,"I view the persuader as trustworthy because they seemed sincere and empathetic, and they shared details about the cause and the organization."
A29VL3MZE7YPBZ,PFG,Trust,"57, 1",I view Save the Children as a worthwhile charity to donate to.,12,"I view the persuader as trustworthy because they seemed sincere and empathetic, and they shared details about the cause and the organization."
A18LFH7XW61JO9,PFG,Knowledge,"37, 2",I know that even small amounts of money can make a big difference when you're feeding a houseful of kids.,20,"I know that my financial situation is currently tight, making it difficult to consider donations, even small ones."
A35BY30TC8WCL4,PFG,Knowledge,"37, 2",I know that my family isn't doing great and can use all the money we can get.,17,"I know that my financial situation is currently tight, making it difficult to consider donations, even small ones."
A29VL3MZE7YPBZ,PFG,Knowledge,"37, 2",I know there are children in my own country that need to be fed so I will only donate a small amount.,22,"I know that my financial situation is currently tight, making it difficult to consider donations, even small ones."
A29ZTHY1OB4IC8,PFG,Belief,"49, 0","I believe that charities like Save the Children support a good cause, even though I don’t know much about the specific details of how their donations are used.",28,I believe I need more information to make an informed decision about donating.
A29VL3MZE7YPBZ,PFG,Belief,"49, 0",I believe the charity might be a good cause to donate to but I would like more information.,18,I believe I need more information to make an informed decision about donating.
A18LFH7XW61JO9,PFG,Belief,"49, 0","I believe Save the Children supports a meaningful cause, though I need more information before deciding to donate.",18,I believe I need more information to make an informed decision about donating.
A3O81LHBBI8NPK,PFG,Desires,"52, 0",I want to impress the other person with how well I can cook.,13,I want to learn more about how SaveTheChildren helps children worldwide and find impactful ways to contribute.
A18LFH7XW61JO9,PFG,Desires,"52, 0","I want to share good food and friendly conversation, especially with people who enjoy cooking and grilling like I do.",20,I want to learn more about how SaveTheChildren helps children worldwide and find impactful ways to contribute.
A29ZTHY1OB4IC8,PFG,Desires,"52, 0",I want to share my love of cooking and enjoy connecting with others over food.,15,I want to learn more about how SaveTheChildren helps children worldwide and find impactful ways to contribute.
A29VL3MZE7YPBZ,PFG,Emotions,"82, 0",I feel glad that I was able to donate and help the organization.,13,I feel satisfied knowing my small donation will help children in need.
A29ZTHY1OB4IC8,PFG,Emotions,"82, 0",I feel happy and satisfied to be able to contribute to helping children through my donation.,16,I feel satisfied knowing my small donation will help children in need.
A18LFH7XW61JO9,PFG,Emotions,"82, 0",I feel happy and satisfied to be helping out in a simple but meaningful way.,15,I feel satisfied knowing my small donation will help children in need.
A29VL3MZE7YPBZ,PFG,Emotions,"59, 0",I feel bad that I got to enjoy the beach as a child and so many children around the world don't get that luxury.,24,I feel sympathetic and reflective about the children in poverty.
A18LFH7XW61JO9,PFG,Emotions,"59, 0","I feel empathetic and reflective, aware of the disparities children face and hopeful that they can improve their lives over time.",21,I feel sympathetic and reflective about the children in poverty.
A35BY30TC8WCL4,PFG,Emotions,"59, 0",I feel sad and sympathetic that there are less fortunate kids out there who don't get to enjoy the things I had during my childhood.,25,I feel sympathetic and reflective about the children in poverty.
A29VL3MZE7YPBZ,PFG,Emotions,"50, 0",I feel that charities help those who are in need like the ASPCA.,13,I feel positive and comfortable discussing donations.
A18LFH7XW61JO9,PFG,Emotions,"50, 0","I feel warm-hearted and content, happy to contribute to a good cause and share about my love for animals.",19,I feel positive and comfortable discussing donations.
A35BY30TC8WCL4,PFG,Emotions,"50, 0",I feel satisfied with myself for making a donation.,9,I feel positive and comfortable discussing donations.
A18LFH7XW61JO9,PFG,Trust,"68, 1",I view Save the Children as a large and impactful organization that seems committed to helping kids.,17,I view the persuader as trustworthy because they provided clear information about how Save the Children effectively uses donations to help millions of children worldwide.
A35BY30TC8WCL4,PFG,Trust,"68, 1","I view the persuader and charities in general with skepticism, but an open mind.",14,I view the persuader as trustworthy because they provided clear information about how Save the Children effectively uses donations to help millions of children worldwide.
A29ZTHY1OB4IC8,PFG,Trust,"68, 1",I view Save the Children as a surprisingly large and reputable organization that I hadn’t known about before but now see as trustworthy and impactful.,25,I view the persuader as trustworthy because they provided clear information about how Save the Children effectively uses donations to help millions of children worldwide.
A3O81LHBBI8NPK,PFG,Emotions,"51, 0",I feel that it is important to take care of our own country's issues before helping everyone else.,18,I feel misunderstood because my focus is on local issues and my concerns are being overlooked.
A29VL3MZE7YPBZ,PFG,Emotions,"51, 0",I feel it's better to care for the children in my own country and not any other country.,18,I feel misunderstood because my focus is on local issues and my concerns are being overlooked.
A29ZTHY1OB4IC8,PFG,Emotions,"51, 0",I feel firm and somewhat defensive about prioritizing the needs of children in my own community over those in other countries.,21,I feel misunderstood because my focus is on local issues and my concerns are being overlooked.
A3O81LHBBI8NPK,PFG,Belief,"57, 1",I believe that even a small donation will help as much as large donations.,14,"I believe that my small donation, although modest, will still contribute to the greater mission of helping children in need."
A18LFH7XW61JO9,PFG,Belief,"57, 1",I believe even small donations can make a meaningful difference when given to the right cause.,16,"I believe that my small donation, although modest, will still contribute to the greater mission of helping children in need."
A29ZTHY1OB4IC8,PFG,Belief,"57, 1","I believe that even small donations, like 20 cents, can make a meaningful difference in helping children and their families.",20,"I believe that my small donation, although modest, will still contribute to the greater mission of helping children in need."
A18LFH7XW61JO9,PFG,Trust,"52, 2",I view Save the Children as a meaningful and reliable way to help kids who are suffering.,17,I view the persuader as genuine and trustworthy because they provide specific and compelling information about the impact of donations and address my values.
A29ZTHY1OB4IC8,PFG,Trust,"52, 2","I view the persuader as genuine and trustworthy, which makes me comfortable agreeing to donate.",15,I view the persuader as genuine and trustworthy because they provide specific and compelling information about the impact of donations and address my values.
A35BY30TC8WCL4,PFG,Trust,"52, 2",I view the persuader and the charity they're talking about as sincere and reliable.,14,I view the persuader as genuine and trustworthy because they provide specific and compelling information about the impact of donations and address my values.
A18LFH7XW61JO9,PFG,Trust,"74, 0",I view Save the Children as a meaningful and trustworthy organization that protects children's rights and deserves support.,18,"I view the persuader as credible and genuine. Their commitment to donate their payment shows sincerity, increasing my trust."
A3O81LHBBI8NPK,PFG,Trust,"74, 0","I view children having the right to food, healthcare and education as important and should be protected.",17,"I view the persuader as credible and genuine. Their commitment to donate their payment shows sincerity, increasing my trust."
A35BY30TC8WCL4,PFG,Trust,"74, 0",I view the persuader and the charity they're talking about to be sincere and legitimate.,15,"I view the persuader as credible and genuine. Their commitment to donate their payment shows sincerity, increasing my trust."
A35BY30TC8WCL4,PFG,Emotions,"57, 1",I feel disenchanted with the idea of donating.,8,"I feel cautious. While I want to help, I'm mindful of my budget and commitments."
A18LFH7XW61JO9,PFG,Emotions,"57, 1",I feel appreciative of the cause and hopeful that even my small donation can make a difference.,17,"I feel cautious. While I want to help, I'm mindful of my budget and commitments."
A29VL3MZE7YPBZ,PFG,Emotions,"57, 1",I feel admiration for how much the other person cares about others.  ,12,"I feel cautious. While I want to help, I'm mindful of my budget and commitments."
A3O81LHBBI8NPK,PFG,Desires,"52, 1",I want to give to this charity.,7,I want to support Save the Children because it aligns with my values of helping those in need.
A18LFH7XW61JO9,PFG,Desires,"52, 1","I want to support others through acts of kindness and charity, especially by sharing my time and skills where they’re needed.",21,I want to support Save the Children because it aligns with my values of helping those in need.
A29VL3MZE7YPBZ,PFG,Desires,"52, 1",I want to help out as much as I can to people in need.,14,I want to support Save the Children because it aligns with my values of helping those in need.
A18LFH7XW61JO9,PFG,Belief,"44, 0","I believe that charitable work is important, especially when it supports children in underserved communities like the one I grew up in.",22,"I believe that Save the Children might really make a difference in areas facing neglect, like the one I grew up in."
A35BY30TC8WCL4,PFG,Belief,"44, 0",I believe making charitable contributions is a good way to spend money.,12,"I believe that Save the Children might really make a difference in areas facing neglect, like the one I grew up in."
A3O81LHBBI8NPK,PFG,Belief,"44, 0",I believe getting to know how the other person helps the charity is important to my understanding of the charity. ,20,"I believe that Save the Children might really make a difference in areas facing neglect, like the one I grew up in."
A29VL3MZE7YPBZ,PFG,Knowledge,"81, 0",I know some charities keep a lot of their donations for themselves.,12,I know that Save the Children is a charity that focuses on children's rights and support in developing countries.
A18LFH7XW61JO9,PFG,Knowledge,"81, 0",I know that even small donations can add up and make a real impact when many people contribute.,18,I know that Save the Children is a charity that focuses on children's rights and support in developing countries.
A3O81LHBBI8NPK,PFG,Knowledge,"81, 0",I know that being cautious about charities helps me ensure that money I donate will be well spent.,18,I know that Save the Children is a charity that focuses on children's rights and support in developing countries.
A18LFH7XW61JO9,PFG,Intentions,"44, 1",I will donate to Save the Children through this chat because I trust the organization and want to help.,19,"I will proceed with donating a small amount through the chat, as it seems simple and impactful."
A29VL3MZE7YPBZ,PFG,Intentions,"44, 1",I will be willing to donate money to the organization after seeing how much of their money goes to actually helping.,21,"I will proceed with donating a small amount through the chat, as it seems simple and impactful."
A29ZTHY1OB4IC8,PFG,Intentions,"44, 1",I will start the process of donating to this charity through the chat since it seems trustworthy and impactful.,19,"I will proceed with donating a small amount through the chat, as it seems simple and impactful."
A18LFH7XW61JO9,PFG,Belief,"33, 1",I believe that the persuader's experience has profoundly impacted their life.,11,"I believe that the conditions described in the camps are extremely dire and dangerous, showing a real need for support from organizations like Save the Children."
A3O81LHBBI8NPK,PFG,Belief,"33, 1",I believe that the persuader was really helping the children have a safer environment.,14,"I believe that the conditions described in the camps are extremely dire and dangerous, showing a real need for support from organizations like Save the Children."
A29ZTHY1OB4IC8,PFG,Belief,"33, 1",I believe that powerful and life-changing experiences like working in refugee camps can deeply shape a person’s perspective.,18,"I believe that the conditions described in the camps are extremely dire and dangerous, showing a real need for support from organizations like Save the Children."
A29VL3MZE7YPBZ,PFG,Emotions,"76, 0",I feel good about donating to this organization since it seems trustworthy.,12,I feel satisfied knowing I'm contributing to a worthy cause.
A18LFH7XW61JO9,PFG,Emotions,"76, 0","I feel grateful, inspired, and ready to make a difference by contributing to a meaningful cause.",16,I feel satisfied knowing I'm contributing to a worthy cause.
A3O81LHBBI8NPK,PFG,Emotions,"76, 0",I feel pressured to make a donation.,7,I feel satisfied knowing I'm contributing to a worthy cause.
A18LFH7XW61JO9,PFG,Trust,"52, 1",I view Save the Children as a worthy cause and am open to supporting it through charitable giving.,18,I view the persuader as having good intentions and being genuine based on their positive and respectful approach in conversation.
A29ZTHY1OB4IC8,PFG,Trust,"52, 1","I view the persuader as genuine and trustworthy, making me comfortable with the idea of helping their cause.",18,I view the persuader as having good intentions and being genuine based on their positive and respectful approach in conversation.
A29VL3MZE7YPBZ,PFG,Trust,"52, 1",I view helping out those less fortunate than I as a good thing to do.,15,I view the persuader as having good intentions and being genuine based on their positive and respectful approach in conversation.
A29VL3MZE7YPBZ,PFG,Belief,"74, 0",I believe Save the Children is a good cause and I will be donating to them.,16,I believe donating to Save the Children will make a positive impact on children's lives.
A29ZTHY1OB4IC8,PFG,Belief,"74, 0",I believe it is important that children's rights are protected because they are too often forgotten.,16,I believe donating to Save the Children will make a positive impact on children's lives.
A18LFH7XW61JO9,PFG,Belief,"74, 0","I believe that protecting children's rights is essential, and supporting charities like Save the Children helps ensure their well-being.",19,I believe donating to Save the Children will make a positive impact on children's lives.
A18LFH7XW61JO9,PFG,Trust,"34, 0",I view this person as friendly and knowledgeable.,8,"I view the persuader as knowledgeable and friendly, which makes me feel more inclined to trust them. Their experience in charity work and professional background adds credibility."
A3O81LHBBI8NPK,PFG,Trust,"34, 0",I view Save the Children as a worthwhile cause to donate to.,12,"I view the persuader as knowledgeable and friendly, which makes me feel more inclined to trust them. Their experience in charity work and professional background adds credibility."
A29VL3MZE7YPBZ,PFG,Trust,"34, 0",I view college as the right path to go for someone my age.,13,"I view the persuader as knowledgeable and friendly, which makes me feel more inclined to trust them. Their experience in charity work and professional background adds credibility."
A3O81LHBBI8NPK,PFG,Belief,"39, 1",I believe the research team will send the donations to the charity.,12,I believe that donating to SaveTheChildren will genuinely make a difference in the lives of children who need it the most.
A29VL3MZE7YPBZ,PFG,Belief,"39, 1",I believe donating to the charity is a great thing for the children who need the help.,17,I believe that donating to SaveTheChildren will genuinely make a difference in the lives of children who need it the most.
A18LFH7XW61JO9,PFG,Belief,"39, 1",I believe that donating to help children in need is a meaningful and worthwhile act that can make a real difference.,21,I believe that donating to SaveTheChildren will genuinely make a difference in the lives of children who need it the most.
A3O81LHBBI8NPK,PFG,Trust,"49, 1",I view donating a little bit adds up to a good amount if everyone did it.,16,I view the persuader as quite trustworthy because they have personally contributed and seem genuinely interested in helping the cause.
A29VL3MZE7YPBZ,PFG,Trust,"49, 1",I view the charity as a good cause and want to help children less fortunate.,15,I view the persuader as quite trustworthy because they have personally contributed and seem genuinely interested in helping the cause.
A18LFH7XW61JO9,PFG,Trust,"49, 1",I view Save the Children as a trustworthy charity that actually puts donations toward helping kids.,16,I view the persuader as quite trustworthy because they have personally contributed and seem genuinely interested in helping the cause.
A29ZTHY1OB4IC8,PFG,Trust,"62, 1",I view the persuader as someone who is genuinely trying to find a fair and fun way for both of us to contribute to helping kids.,26,"I view the persuader as genuine and possibly trustworthy since they are willing to match my donation, showing commitment to the cause."
A18LFH7XW61JO9,PFG,Trust,"62, 1","I view this charity as decent enough to support in a small way, especially if it’s part of a shared effort.",21,"I view the persuader as genuine and possibly trustworthy since they are willing to match my donation, showing commitment to the cause."
A35BY30TC8WCL4,PFG,Trust,"62, 1",I view the persuader and charities in general with skepticism and disinterest.,12,"I view the persuader as genuine and possibly trustworthy since they are willing to match my donation, showing commitment to the cause."
A29ZTHY1OB4IC8,PFG,Belief,"60, 0",I believe that the message about no child going hungry from Save the Children has been around since I was young and is very familiar.,25,I believe donating to Save the Children is a positive action because it helps support children's rights and provides relief to those in developing countries.
A18LFH7XW61JO9,PFG,Belief,"60, 0","I believe that supporting children in need is important, and donating to a trusted charity like Save the Children is a meaningful way to help.",25,I believe donating to Save the Children is a positive action because it helps support children's rights and provides relief to those in developing countries.
A35BY30TC8WCL4,PFG,Belief,"60, 0",I believe Save the Children is a good charity to donate to.,12,I believe donating to Save the Children is a positive action because it helps support children's rights and provides relief to those in developing countries.
A18LFH7XW61JO9,PFG,Knowledge,"81, 2",I know that even small donations like $1 can help make a difference for kids in need.,17,I know I just committed to donating $1 to Save the Children.
A3O81LHBBI8NPK,PFG,Knowledge,"81, 2",I know that money is tight for me but donating a dollar would help others.,15,I know I just committed to donating $1 to Save the Children.
A35BY30TC8WCL4,PFG,Knowledge,"81, 2",I know that I will be making this donation soon.,10,I know I just committed to donating $1 to Save the Children.
A18LFH7XW61JO9,PFG,Emotions,"70, 1","I feel hopeful and proud to contribute, even in a small way, to a cause that helps children in need.",20,"I feel conflicted because I want to help, but I have my own financial limitations."
A3O81LHBBI8NPK,PFG,Emotions,"70, 1",I feel good about being able to help.,8,"I feel conflicted because I want to help, but I have my own financial limitations."
A29ZTHY1OB4IC8,PFG,Emotions,"70, 1","I feel proud to contribute, even if only a little, and touched by how much good the organization does for children in need.",23,"I feel conflicted because I want to help, but I have my own financial limitations."
A29ZTHY1OB4IC8,PFG,Trust,"68, 0",I view Save the Children as a trustworthy organization that uses donations responsibly to support children.,16,"I view the persuader as knowledgeable about Save the Children, which builds trust in them and their intentions."
A18LFH7XW61JO9,PFG,Trust,"68, 0","I view Save the Children as a potentially trustworthy organization, especially if most of the donations truly go to helping kids.",21,"I view the persuader as knowledgeable about Save the Children, which builds trust in them and their intentions."
A35BY30TC8WCL4,PFG,Trust,"68, 0",I view the persuader and the charity they're talking about as potentially sincere and worth hearing from.,17,"I view the persuader as knowledgeable about Save the Children, which builds trust in them and their intentions."
A35BY30TC8WCL4,PFG,Trust,"64, 1",I view the persuader as genuine and trustworthy.,8,"I view the persuader as sincere and genuinely interested in helping the cause, which makes me trust them."
A18LFH7XW61JO9,PFG,Trust,"64, 1","I view Save the Children as a compassionate and trustworthy organization worthy of support, even through small donations.",18,"I view the persuader as sincere and genuinely interested in helping the cause, which makes me trust them."
A29ZTHY1OB4IC8,PFG,Trust,"64, 1","I view Save the Children as a trustworthy organization that genuinely helps children, which makes me comfortable donating 50 cents.",20,"I view the persuader as sincere and genuinely interested in helping the cause, which makes me trust them."
A3O81LHBBI8NPK,PFG,Emotions,"54, 0",I feel that since I donate to other charities that giving a small amount would be good enough.,18,I feel empathetic towards the children in need after hearing about their conditions.
A29VL3MZE7YPBZ,PFG,Emotions,"54, 0",I feel horrible that we take so much for granted and would like to help the cause.,17,I feel empathetic towards the children in need after hearing about their conditions.
A18LFH7XW61JO9,PFG,Emotions,"54, 0","I feel moved by the cause and willing to contribute, even if just a small amount.",16,I feel empathetic towards the children in need after hearing about their conditions.
